Country Name,Country Code,Series,Series Code,2000 [YR2000],2001 [YR2001],2002 [YR2002],2011 [YR2011],2012 [YR2012],2013 [YR2013],2014 [YR2014],2015 [YR2015],2016 [YR2016],2017 [YR2017],2018 [YR2018],2019 [YR2019],2020 [YR2020]
Afghanistan,AFG,Government expenditure on education as % of GDP (%),SE.XPD.TOTL.GD.ZS,..,..,..,3.46201,2.6042,3.45446,3.69522,3.2558,4.22836,4.05887,..,..,..
Afghanistan,AFG,"Gross enrolment ratio, primary, gender parity index (GPI)",SE.ENR.PRIM.FM.ZS,0,0,0.45693,0.71258,0.72026,0.70286,0.69825,0.68081,0.67937,0.67617,0.66691,..,..
Albania,ALB,Government expenditure on education as % of GDP (%),SE.XPD.TOTL.GD.ZS,3.43017,3.4587,3.1178,..,..,3.5393,..,3.43797,3.96209,3.61172,..,..,..
Albania,ALB,"Gross enrolment ratio, primary, gender parity index (GPI)",SE.ENR.PRIM.FM.ZS,0.99717,1.01539,0.99434,1.01557,1.01601,1.02221,1.03682,1.0313,1.03555,1.03224,1.03765,1.02963,..
Algeria,DZA,Government expenditure on education as % of GDP (%),SE.XPD.TOTL.GD.ZS,..,..,..,..,..,..,..,..,..,..,..,..,..
Algeria,DZA,"Gross enrolment ratio, primary, gender parity index (GPI)",SE.ENR.PRIM.FM.ZS,0.91668,0.9183,0.92461,0.9384,0.94445,0.94841,0.95096,0.9523,0.94972,0.95093,0.95499,0.95585,..
American Samoa,ASM,Government expenditure on education as % of GDP (%),SE.XPD.TOTL.GD.ZS,..,..,..,..,..,..,..,..,..,..,..,..,..
American Samoa,ASM,"Gross enrolment ratio, primary, gender parity index (GPI)",SE.ENR.PRIM.FM.ZS,..,..,..,..,..,..,..,..,..,..,..,..,..
Andorra,AND,Government expenditure on education as % of GDP (%),SE.XPD.TOTL.GD.ZS,..,..,1.65971,2.98706,..,2.50616,3.07421,3.28035,3.23707,3.21709,3.24672,3.15162,..
Andorra,AND,"Gross enrolment ratio, primary, gender parity index (GPI)",SE.ENR.PRIM.FM.ZS,..,..,..,..,..,..,..,..,..,..,..,..,..
Angola,AGO,Government expenditure on education as % of GDP (%),SE.XPD.TOTL.GD.ZS,2.60753,..,..,..,..,..,..,..,..,..,..,..,..
Angola,AGO,"Gross enrolment ratio, primary, gender parity index (GPI)",SE.ENR.PRIM.FM.ZS,..,..,..,0.62922,..,..,..,0.87413,..,..,..,..,..
Antigua and Barbuda,ATG,Government expenditure on education as % of GDP (%),SE.XPD.TOTL.GD.ZS,..,..,3.39428,..,..,..,..,..,..,..,..,..,..
Antigua and Barbuda,ATG,"Gross enrolment ratio, primary, gender parity index (GPI)",SE.ENR.PRIM.FM.ZS,..,..,..,0.92814,0.95211,..,0.94992,0.96619,..,0.98406,0.99208,..,..
Arab World,ARB,Government expenditure on education as % of GDP (%),SE.XPD.TOTL.GD.ZS,..,..,..,..,..,..,..,..,..,..,..,..,..
Arab World,ARB,"Gross enrolment ratio, primary, gender parity index (GPI)",SE.ENR.PRIM.FM.ZS,0.87432,0.88484,0.89124,0.91804,0.92944,0.93089,0.93668,0.94095,0.94133,0.94452,0.94617,0.94882,..
Argentina,ARG,Government expenditure on education as % of GDP (%),SE.XPD.TOTL.GD.ZS,4.58031,4.83374,4.01734,5.29063,5.34583,5.43661,5.36144,5.77611,5.54549,5.46223,..,..,..
Argentina,ARG,"Gross enrolment ratio, primary, gender parity index (GPI)",SE.ENR.PRIM.FM.ZS,0.99104,0.99237,0.99312,0.98824,0.98823,0.99157,0.99794,0.99881,0.99764,0.99797,..,..,..
Armenia,ARM,Government expenditure on education as % of GDP (%),SE.XPD.TOTL.GD.ZS,2.77273,2.46944,2.13504,3.14385,2.77248,2.65018,2.24724,2.80591,2.75812,2.70759,..,..,..
Armenia,ARM,"Gross enrolment ratio, primary, gender parity index (GPI)",SE.ENR.PRIM.FM.ZS,1.01329,1.02198,1.00306,1.01835,1.0133,1.01253,1.01302,1.01521,1.0089,1.00321,0.99961,1.00534,..
Aruba,ABW,Government expenditure on education as % of GDP (%),SE.XPD.TOTL.GD.ZS,4.71468,4.73986,4.92365,6.11913,6.54906,6.50538,5.90521,5.97571,5.52415,..,..,..,..
Aruba,ABW,"Gross enrolment ratio, primary, gender parity index (GPI)",SE.ENR.PRIM.FM.ZS,0.96687,0.9694,0.94776,0.97171,1.02508,0.9781,0.96864,..,..,..,..,..,..
Australia,AUS,Government expenditure on education as % of GDP (%),SE.XPD.TOTL.GD.ZS,4.89147,..,..,5.07451,4.869,5.22974,5.16477,5.31127,5.27678,5.12425,..,..,..
Australia,AUS,"Gross enrolment ratio, primary, gender parity index (GPI)",SE.ENR.PRIM.FM.ZS,1.0223,1.02444,1.02336,0.99726,0.99603,0.99708,0.9975,1.00029,0.99978,0.9999,0.99891,..,..
Austria,AUT,Government expenditure on education as % of GDP (%),SE.XPD.TOTL.GD.ZS,5.58881,5.57548,5.52213,5.59227,5.4804,5.54711,5.44762,5.45658,5.48435,5.35804,..,..,..
Austria,AUT,"Gross enrolment ratio, primary, gender parity index (GPI)",SE.ENR.PRIM.FM.ZS,0.98971,0.98974,0.99033,0.99052,0.99167,0.98905,0.99359,0.99097,0.99492,0.99727,0.99488,..,..
Azerbaijan,AZE,Government expenditure on education as % of GDP (%),SE.XPD.TOTL.GD.ZS,3.85399,3.50342,3.15446,2.43564,2.06763,2.44213,2.63304,2.95168,2.90341,2.47382,2.45543,..,..
Azerbaijan,AZE,"Gross enrolment ratio, primary, gender parity index (GPI)",SE.ENR.PRIM.FM.ZS,0.98161,0.98392,0.97565,0.98052,0.97977,0.96903,0.99002,0.98318,0.99011,1.01633,1.00546,1.03081,..
"Bahamas, The",BHS,Government expenditure on education as % of GDP (%),SE.XPD.TOTL.GD.ZS,2.23284,..,..,..,..,..,..,..,..,..,..,..,..
"Bahamas, The",BHS,"Gross enrolment ratio, primary, gender parity index (GPI)",SE.ENR.PRIM.FM.ZS,..,..,0.9939,0.97879,0.97294,0.97247,0.97952,0.97338,1.00666,..,0.99507,..,..
Bahrain,BHR,Government expenditure on education as % of GDP (%),SE.XPD.TOTL.GD.ZS,..,..,..,..,2.64531,2.47689,2.46746,2.66808,..,2.32781,..,..,..
Bahrain,BHR,"Gross enrolment ratio, primary, gender parity index (GPI)",SE.ENR.PRIM.FM.ZS,1.01558,1.0385,1.02419,1.01779,1.00892,1.01669,1.01229,1.00991,1.02083,0.9958,0.98787,0.99417,..
Bangladesh,BGD,Government expenditure on education as % of GDP (%),SE.XPD.TOTL.GD.ZS,2.12508,2.17193,2.01715,2.1327,2.1755,1.96616,..,..,1.53554,..,..,1.32632,..
Bangladesh,BGD,"Gross enrolment ratio, primary, gender parity index (GPI)",SE.ENR.PRIM.FM.ZS,..,..,..,..,..,..,..,..,..,1.07176,1.07471,..,..
Barbados,BRB,Government expenditure on education as % of GDP (%),SE.XPD.TOTL.GD.ZS,4.71586,6.05537,5.88062,..,5.26274,5.14899,6.1435,..,4.95139,4.36638,..,..,..
Barbados,BRB,"Gross enrolment ratio, primary, gender parity index (GPI)",SE.ENR.PRIM.FM.ZS,0.98113,0.98826,0.99076,1.00073,..,..,1.00442,0.99302,0.99771,0.96503,0.96328,0.95805,..
Belarus,BLR,Government expenditure on education as % of GDP (%),SE.XPD.TOTL.GD.ZS,6.19662,..,..,4.68479,4.95964,5.00942,4.81831,4.78752,4.94655,4.79499,..,..,..
Belarus,BLR,"Gross enrolment ratio, primary, gender parity index (GPI)",SE.ENR.PRIM.FM.ZS,0.9884,0.98832,0.98592,0.99883,1.00062,1.00191,1.00314,1.00156,1.00284,0.99448,0.99773,..,..
Belgium,BEL,Government expenditure on education as % of GDP (%),SE.XPD.TOTL.GD.ZS,..,..,..,6.43199,..,6.63053,6.59047,6.45157,6.45954,6.41228,..,..,..
Belgium,BEL,"Gross enrolment ratio, primary, gender parity index (GPI)",SE.ENR.PRIM.FM.ZS,0.99449,0.99377,0.99316,0.99797,0.99586,1.0013,0.99971,0.9983,0.99886,1.00099,1.00478,..,..
Belize,BLZ,Government expenditure on education as % of GDP (%),SE.XPD.TOTL.GD.ZS,5.02843,5.79708,..,..,..,6.42536,6.61473,6.88889,7.28477,7.50989,7.56149,..,..
Belize,BLZ,"Gross enrolment ratio, primary, gender parity index (GPI)",SE.ENR.PRIM.FM.ZS,0.95134,0.95923,0.96313,0.95712,0.96648,0.956,0.95336,0.95398,0.95204,0.95157,0.9492,0.96679,..
Benin,BEN,Government expenditure on education as % of GDP (%),SE.XPD.TOTL.GD.ZS,2.11366,2.3651,2.15949,..,3.56202,3.32751,3.16179,3.17298,2.8991,3.53559,2.93397,..,..
Benin,BEN,"Gross enrolment ratio, primary, gender parity index (GPI)",SE.ENR.PRIM.FM.ZS,0.68566,0.69733,0.71845,0.8949,0.90724,0.91521,0.92427,0.93024,0.93627,0.93503,0.93733,0.92968,..
Bermuda,BMU,Government expenditure on education as % of GDP (%),SE.XPD.TOTL.GD.ZS,..,..,..,..,..,..,1.78285,1.6986,..,1.50039,..,..,..
Bermuda,BMU,"Gross enrolment ratio, primary, gender parity index (GPI)",SE.ENR.PRIM.FM.ZS,..,1.0142,1.04147,0.98386,0.96771,0.97206,0.96997,0.98176,..,..,..,..,..
Bhutan,BTN,Government expenditure on education as % of GDP (%),SE.XPD.TOTL.GD.ZS,5.51379,5.91573,..,4.76523,..,5.72275,6.0449,7.5901,6.99333,7.22574,6.85084,..,..
Bhutan,BTN,"Gross enrolment ratio, primary, gender parity index (GPI)",SE.ENR.PRIM.FM.ZS,0.87698,0.8977,0.91541,1.01408,1.01488,1.00978,1.01405,1.01085,1.00472,0.99865,1.00166,..,1.01541
Bolivia,BOL,Government expenditure on education as % of GDP (%),SE.XPD.TOTL.GD.ZS,..,..,..,..,..,..,..,..,..,..,..,..,..
Bolivia,BOL,"Gross enrolment ratio, primary, gender parity index (GPI)",SE.ENR.PRIM.FM.ZS,0.98581,0.9882,0.99025,0.99223,0.98645,0.9787,0.97691,0.97968,0.98378,0.98696,0.99004,..,..
Bosnia and Herzegovina,BIH,Government expenditure on education as % of GDP (%),SE.XPD.TOTL.GD.ZS,..,..,..,..,..,..,..,..,..,..,..,..,..
Bosnia and Herzegovina,BIH,"Gross enrolment ratio, primary, gender parity index (GPI)",SE.ENR.PRIM.FM.ZS,..,..,..,..,..,..,..,..,..,..,..,..,..
Botswana,BWA,Government expenditure on education as % of GDP (%),SE.XPD.TOTL.GD.ZS,..,..,..,..,..,..,..,..,..,..,..,..,..
Botswana,BWA,"Gross enrolment ratio, primary, gender parity index (GPI)",SE.ENR.PRIM.FM.ZS,1.00173,1.00071,0.99314,..,0.98179,0.97483,0.97034,0.97776,..,..,..,..,..
Brazil,BRA,Government expenditure on education as % of GDP (%),SE.XPD.TOTL.GD.ZS,3.94893,3.84468,3.75037,5.73741,5.8551,5.83885,5.94848,6.24106,6.31404,6.32255,..,..,..
Brazil,BRA,"Gross enrolment ratio, primary, gender parity index (GPI)",SE.ENR.PRIM.FM.ZS,..,0.93779,0.93116,0.92918,..,..,..,..,..,..,..,..,..
British Virgin Islands,VGB,Government expenditure on education as % of GDP (%),SE.XPD.TOTL.GD.ZS,..,2.90477,..,..,..,..,..,5.13479,..,2.35899,2.46599,..,..
British Virgin Islands,VGB,"Gross enrolment ratio, primary, gender parity index (GPI)",SE.ENR.PRIM.FM.ZS,1.00557,1.00002,0.97084,0.9581,0.9695,0.9576,0.954,0.93656,0.94539,0.95761,0.99819,..,..
Brunei Darussalam,BRN,Government expenditure on education as % of GDP (%),SE.XPD.TOTL.GD.ZS,3.70591,..,..,3.3221,2.88959,..,3.35319,..,4.42541,..,..,..,..
Brunei Darussalam,BRN,"Gross enrolment ratio, primary, gender parity index (GPI)",SE.ENR.PRIM.FM.ZS,0.94806,0.9545,0.96468,0.99404,0.99112,0.99665,1.00076,0.99665,0.99899,1.00009,1.00833,1.00842,..
Bulgaria,BGR,Government expenditure on education as % of GDP (%),SE.XPD.TOTL.GD.ZS,..,3.38424,3.38608,3.56643,3.49485,4.0742,..,..,..,4.0925,..,..,..
Bulgaria,BGR,"Gross enrolment ratio, primary, gender parity index (GPI)",SE.ENR.PRIM.FM.ZS,0.97253,0.97465,0.982,0.99513,0.99165,0.99136,0.99253,0.98992,0.98943,0.99389,0.99441,..,..
Burkina Faso,BFA,Government expenditure on education as % of GDP (%),SE.XPD.TOTL.GD.ZS,..,..,..,3.98515,3.60316,4.08344,4.0533,3.67009,..,5.60347,5.38379,..,..
Burkina Faso,BFA,"Gross enrolment ratio, primary, gender parity index (GPI)",SE.ENR.PRIM.FM.ZS,0.71093,0.72465,0.73992,0.92762,0.94733,0.96726,0.97429,0.97444,0.97828,0.9849,0.9835,0.99476,..
Burundi,BDI,Government expenditure on education as % of GDP (%),SE.XPD.TOTL.GD.ZS,2.64548,2.90391,3.00493,6.31925,6.16786,5.99536,6.78452,6.37054,4.692,4.76202,5.07865,..,..
Burundi,BDI,"Gross enrolment ratio, primary, gender parity index (GPI)",SE.ENR.PRIM.FM.ZS,0.79697,0.79395,0.78026,1.00663,1.01582,1.01945,1.0328,1.02956,1.02292,1.01499,1.0125,1.01483,..
Cabo Verde,CPV,Government expenditure on education as % of GDP (%),SE.XPD.TOTL.GD.ZS,..,..,7.87682,5.04361,..,5.00144,4.96387,5.26691,5.28879,5.18175,..,..,..
Cabo Verde,CPV,"Gross enrolment ratio, primary, gender parity index (GPI)",SE.ENR.PRIM.FM.ZS,0.97913,0.9791,0.97582,0.92575,0.9214,0.92664,0.92505,0.93139,0.9322,0.93291,0.93421,..,..
Cambodia,KHM,Government expenditure on education as % of GDP (%),SE.XPD.TOTL.GD.ZS,1.65599,1.72222,1.71121,1.51069,1.5609,2.05054,1.90939,..,..,..,2.16286,..,..
Cambodia,KHM,"Gross enrolment ratio, primary, gender parity index (GPI)",SE.ENR.PRIM.FM.ZS,0.87756,0.89498,0.90261,0.93286,0.93234,0.90988,0.94616,0.99283,0.97469,0.97582,0.976,0.97389,..
Cameroon,CMR,Government expenditure on education as % of GDP (%),SE.XPD.TOTL.GD.ZS,1.77992,2.42418,..,2.76677,2.69718,2.76802,2.68713,2.76805,2.65423,3.15482,3.1312,..,..
Cameroon,CMR,"Gross enrolment ratio, primary, gender parity index (GPI)",SE.ENR.PRIM.FM.ZS,0.85418,0.86886,0.861,0.86947,0.87633,..,0.89088,0.89826,0.90038,0.90056,0.90162,0.90121,..
Canada,CAN,Government expenditure on education as % of GDP (%),SE.XPD.TOTL.GD.ZS,5.442,4.96956,5.01073,5.27444,..,..,..,..,..,..,..,..,..
Canada,CAN,"Gross enrolment ratio, primary, gender parity index (GPI)",SE.ENR.PRIM.FM.ZS,1.00156,..,..,1.00714,1.01077,1.01116,1.01199,1.00807,1.00086,0.99759,0.99566,..,..
Caribbean small states,CSS,Government expenditure on education as % of GDP (%),SE.XPD.TOTL.GD.ZS,..,..,..,..,..,..,..,..,..,..,..,..,..
Caribbean small states,CSS,"Gross enrolment ratio, primary, gender parity index (GPI)",SE.ENR.PRIM.FM.ZS,0.98577,0.98417,0.98889,0.98228,0.98525,0.97254,0.97647,1.00311,0.98007,0.98024,0.97172,0.98267,..
Cayman Islands,CYM,Government expenditure on education as % of GDP (%),SE.XPD.TOTL.GD.ZS,..,..,..,..,..,..,..,..,..,..,..,..,..
Cayman Islands,CYM,"Gross enrolment ratio, primary, gender parity index (GPI)",SE.ENR.PRIM.FM.ZS,1.02737,0.98198,0.99194,1.04012,1.03064,1.0195,..,..,..,..,0.96686,..,..
Central African Republic,CAF,Government expenditure on education as % of GDP (%),SE.XPD.TOTL.GD.ZS,1.61265,..,1.51957,1.10792,..,..,..,..,..,..,..,..,..
Central African Republic,CAF,"Gross enrolment ratio, primary, gender parity index (GPI)",SE.ENR.PRIM.FM.ZS,..,0.69592,0.68091,0.74024,0.75847,..,..,..,0.7801,..,..,..,..
Central Europe and the Baltics,CEB,Government expenditure on education as % of GDP (%),SE.XPD.TOTL.GD.ZS,..,..,..,..,..,..,..,..,..,..,..,..,..
Central Europe and the Baltics,CEB,"Gross enrolment ratio, primary, gender parity index (GPI)",SE.ENR.PRIM.FM.ZS,0.98664,0.98704,0.98795,0.99304,0.99598,0.99573,0.9963,0.99773,0.99839,0.99779,0.99367,0.99347,..
Chad,TCD,Government expenditure on education as % of GDP (%),SE.XPD.TOTL.GD.ZS,2.64671,2.42614,..,2.2579,2.20615,2.85071,..,..,..,2.45482,..,..,..
Chad,TCD,"Gross enrolment ratio, primary, gender parity index (GPI)",SE.ENR.PRIM.FM.ZS,0.6137,0.63826,0.64913,0.74618,0.75326,0.7579,0.754,0.76636,0.76868,0.75711,0.77783,0.77824,..
Channel Islands,CHI,Government expenditure on education as % of GDP (%),SE.XPD.TOTL.GD.ZS,..,..,..,..,..,..,..,..,..,..,..,..,..
Channel Islands,CHI,"Gross enrolment ratio, primary, gender parity index (GPI)",SE.ENR.PRIM.FM.ZS,..,..,..,..,..,..,..,..,..,..,..,..,..
Chile,CHL,Government expenditure on education as % of GDP (%),SE.XPD.TOTL.GD.ZS,3.77583,..,4.08121,4.04519,..,4.52943,4.73095,4.87531,5.34201,5.41946,..,..,..
Chile,CHL,"Gross enrolment ratio, primary, gender parity index (GPI)",SE.ENR.PRIM.FM.ZS,0.97608,..,0.97623,0.9683,0.96834,0.96874,0.96944,0.97015,0.97082,0.97158,0.97127,..,..
China,CHN,Government expenditure on education as % of GDP (%),SE.XPD.TOTL.GD.ZS,..,..,..,..,..,..,..,..,..,..,..,..,..
China,CHN,"Gross enrolment ratio, primary, gender parity index (GPI)",SE.ENR.PRIM.FM.ZS,..,0.99138,..,0.98486,0.9889,0.99761,1.00072,1.00246,1.00509,1.00948,1.01135,1.01172,..
Colombia,COL,Government expenditure on education as % of GDP (%),SE.XPD.TOTL.GD.ZS,3.51121,3.70868,4.26813,4.46608,4.37039,4.87855,4.62946,4.47039,4.47721,4.53551,4.45749,..,..
Colombia,COL,"Gross enrolment ratio, primary, gender parity index (GPI)",SE.ENR.PRIM.FM.ZS,0.99876,0.99201,0.99189,0.96707,0.96788,0.97471,0.9682,0.96946,0.97279,0.96862,0.97025,..,..
Comoros,COM,Government expenditure on education as % of GDP (%),SE.XPD.TOTL.GD.ZS,..,..,2.25842,2.83045,2.74784,2.38276,2.74473,2.54506,..,..,..,..,..
Comoros,COM,"Gross enrolment ratio, primary, gender parity index (GPI)",SE.ENR.PRIM.FM.ZS,0.85729,..,0.82301,0.84609,..,0.94202,0.93166,..,..,0.95721,0.99835,..,..
"Congo, Dem. Rep.",COD,Government expenditure on education as % of GDP (%),SE.XPD.TOTL.GD.ZS,..,..,..,..,..,2.06221,1.95143,2.17044,2.11869,1.45495,..,..,..
"Congo, Dem. Rep.",COD,"Gross enrolment ratio, primary, gender parity index (GPI)",SE.ENR.PRIM.FM.ZS,..,..,0.78877,0.87043,0.88215,0.90629,0.90907,0.99266,..,..,0.93854,..,..
"Congo, Rep.",COG,Government expenditure on education as % of GDP (%),SE.XPD.TOTL.GD.ZS,..,..,3.20832,..,..,..,4.0172,4.56147,..,5.46505,3.51105,..,..
"Congo, Rep.",COG,"Gross enrolment ratio, primary, gender parity index (GPI)",SE.ENR.PRIM.FM.ZS,0.92547,0.94299,0.94491,0.94428,1.07474,..,..,..,..,..,..,..,..
Costa Rica,CRI,Government expenditure on education as % of GDP (%),SE.XPD.TOTL.GD.ZS,4.68696,4.8511,5.17354,6.45535,6.68984,6.84934,6.86952,7.08254,7.09768,7.31572,6.97857,7.04876,..
Costa Rica,CRI,"Gross enrolment ratio, primary, gender parity index (GPI)",SE.ENR.PRIM.FM.ZS,0.96851,0.98311,0.96894,0.98253,0.98492,0.98748,0.99129,0.99426,1.00577,1.01129,1.00888,1.00741,..
Cote d'Ivoire,CIV,Government expenditure on education as % of GDP (%),SE.XPD.TOTL.GD.ZS,3.70367,3.66868,4.09033,4.13755,4.65411,4.729,4.57743,3.49416,3.97232,3.80348,3.25603,..,..
Cote d'Ivoire,CIV,"Gross enrolment ratio, primary, gender parity index (GPI)",SE.ENR.PRIM.FM.ZS,0.74666,0.76157,0.73499,0.82792,0.84137,0.85789,0.86716,0.88031,0.89618,0.91179,0.92644,0.94057,..
Croatia,HRV,Government expenditure on education as % of GDP (%),SE.XPD.TOTL.GD.ZS,..,..,3.81978,4.15011,..,4.56487,..,..,..,3.91713,..,..,..
Croatia,HRV,"Gross enrolment ratio, primary, gender parity index (GPI)",SE.ENR.PRIM.FM.ZS,0.98991,0.9901,0.99156,0.99694,1.00045,1.00303,0.99586,1,1.0041,1.00124,1.0031,..,..
Cuba,CUB,Government expenditure on education as % of GDP (%),SE.XPD.TOTL.GD.ZS,7.70481,8.35809,9.57117,..,..,..,..,..,..,..,..,..,..
Cuba,CUB,"Gross enrolment ratio, primary, gender parity index (GPI)",SE.ENR.PRIM.FM.ZS,0.96068,0.96118,0.96524,0.97835,0.98132,0.98448,0.9506,0.94312,0.95083,0.94929,0.95668,0.96602,..
Curacao,CUW,Government expenditure on education as % of GDP (%),SE.XPD.TOTL.GD.ZS,..,..,..,..,..,4.93095,..,..,..,..,..,..,..
Curacao,CUW,"Gross enrolment ratio, primary, gender parity index (GPI)",SE.ENR.PRIM.FM.ZS,..,..,..,..,..,0.96031,..,..,..,..,..,..,..
Cyprus,CYP,Government expenditure on education as % of GDP (%),SE.XPD.TOTL.GD.ZS,4.98954,5.11552,5.58167,6.53854,..,6.48378,6.4485,6.34636,6.1638,5.77719,..,..,..
Cyprus,CYP,"Gross enrolment ratio, primary, gender parity index (GPI)",SE.ENR.PRIM.FM.ZS,1.00177,1.00237,1.00157,0.99221,0.9977,1.00227,1.00852,0.99981,1.00354,1.00108,0.99115,..,..
Czech Republic,CZE,Government expenditure on education as % of GDP (%),SE.XPD.TOTL.GD.ZS,3.65089,3.74855,3.97256,4.27214,4.25086,4.09089,3.99462,5.78885,5.58738,3.85402,..,..,..
Czech Republic,CZE,"Gross enrolment ratio, primary, gender parity index (GPI)",SE.ENR.PRIM.FM.ZS,0.99563,0.99097,0.9873,0.99449,0.99908,1.00067,1.00017,1.00358,1.00552,1.0056,1.00602,..,..
Denmark,DNK,Government expenditure on education as % of GDP (%),SE.XPD.TOTL.GD.ZS,8.08434,8.21545,8.21303,8.48486,7.23782,8.49443,7.63485,..,..,7.81608,..,..,..
Denmark,DNK,"Gross enrolment ratio, primary, gender parity index (GPI)",SE.ENR.PRIM.FM.ZS,1.00286,1.0031,1.00271,0.99409,0.99111,0.98968,0.9886,0.98671,0.98831,0.99359,0.99889,..,..
Djibouti,DJI,Government expenditure on education as % of GDP (%),SE.XPD.TOTL.GD.ZS,9.66,7.80543,8.4476,..,..,..,..,3.59024,3.92439,3.74856,3.62774,..,..
Djibouti,DJI,"Gross enrolment ratio, primary, gender parity index (GPI)",SE.ENR.PRIM.FM.ZS,0.74021,0.7531,0.76739,1.07869,1.07973,1.06331,1.05233,1.07193,1.0673,1.06238,1.02351,0.9957,0.95842
Dominica,DMA,Government expenditure on education as % of GDP (%),SE.XPD.TOTL.GD.ZS,..,..,..,..,..,..,..,3.40858,..,..,..,5.57345,..
Dominica,DMA,"Gross enrolment ratio, primary, gender parity index (GPI)",SE.ENR.PRIM.FM.ZS,1.019,1.01149,0.99914,0.99417,0.97949,0.98399,1.00503,0.98417,0.97337,..,..,0.96776,..
Dominican Republic,DOM,Government expenditure on education as % of GDP (%),SE.XPD.TOTL.GD.ZS,1.88829,1.96783,1.91401,..,..,..,..,..,..,..,..,..,..
Dominican Republic,DOM,"Gross enrolment ratio, primary, gender parity index (GPI)",SE.ENR.PRIM.FM.ZS,0.96854,..,1.00736,0.90545,0.90383,0.90808,0.9066,0.91242,0.92314,0.93251,0.94176,0.95223,..
Early-demographic dividend,EAR,Government expenditure on education as % of GDP (%),SE.XPD.TOTL.GD.ZS,..,..,..,..,..,..,..,..,..,..,..,..,..
Early-demographic dividend,EAR,"Gross enrolment ratio, primary, gender parity index (GPI)",SE.ENR.PRIM.FM.ZS,0.89735,0.90536,0.91387,1.00019,1.00033,1.03033,1.02546,1.02568,1.04224,1.03644,0.98814,0.98817,..
East Asia & Pacific,EAS,Government expenditure on education as % of GDP (%),SE.XPD.TOTL.GD.ZS,..,3.551379919,3.828769922,4.125804901,4.577460051,4.526404858,4.714849949,..,..,..,..,..,..
East Asia & Pacific,EAS,"Gross enrolment ratio, primary, gender parity index (GPI)",SE.ENR.PRIM.FM.ZS,0.98113,0.98614,0.98697,0.99456,0.99191,0.99469,0.99481,0.9931,0.99569,0.99693,0.99782,0.99752,..
East Asia & Pacific (excluding high income),EAP,Government expenditure on education as % of GDP (%),SE.XPD.TOTL.GD.ZS,4.260559916,2.668550014,2.997080088,4.60902977,4.865950108,4.53144002,..,..,..,..,..,..,..
East Asia & Pacific (excluding high income),EAP,"Gross enrolment ratio, primary, gender parity index (GPI)",SE.ENR.PRIM.FM.ZS,0.97927,0.98466,0.98558,0.99396,0.9912,0.99424,0.99433,0.9925,0.99529,0.99667,0.99765,0.99723,..
East Asia & Pacific (IDA & IBRD countries),TEA,Government expenditure on education as % of GDP (%),SE.XPD.TOTL.GD.ZS,..,..,..,..,..,..,..,..,..,..,..,..,..
East Asia & Pacific (IDA & IBRD countries),TEA,"Gross enrolment ratio, primary, gender parity index (GPI)",SE.ENR.PRIM.FM.ZS,0.97919,0.98463,0.98555,0.99397,0.99121,0.99429,0.99438,0.99254,0.99535,0.99674,0.99773,0.9973,..
Ecuador,ECU,Government expenditure on education as % of GDP (%),SE.XPD.TOTL.GD.ZS,1.15093,..,..,4.72689,4.64307,5.00464,5.26099,4.9987,..,..,..,..,..
Ecuador,ECU,"Gross enrolment ratio, primary, gender parity index (GPI)",SE.ENR.PRIM.FM.ZS,0.99877,1.00364,1.00239,1.00428,1.00785,1.00463,1.00327,1.00462,1.00888,1.01194,1.01642,..,..
"Egypt, Arab Rep.",EGY,Government expenditure on education as % of GDP (%),SE.XPD.TOTL.GD.ZS,..,..,..,..,..,..,..,..,..,..,..,..,..
"Egypt, Arab Rep.",EGY,"Gross enrolment ratio, primary, gender parity index (GPI)",SE.ENR.PRIM.FM.ZS,0.93109,0.9406,0.94831,0.95477,0.98676,0.99144,0.99713,..,1.00067,1.00268,1.00392,1.00809,..
El Salvador,SLV,Government expenditure on education as % of GDP (%),SE.XPD.TOTL.GD.ZS,2.83868,..,3.24284,3.8985,3.71247,3.80149,3.82416,3.90988,3.82524,3.72523,3.59242,..,..
El Salvador,SLV,"Gross enrolment ratio, primary, gender parity index (GPI)",SE.ENR.PRIM.FM.ZS,0.954,0.96028,0.94877,0.95319,0.95209,0.95352,0.95772,0.95835,0.96099,0.96637,0.9683,..,..
Equatorial Guinea,GNQ,Government expenditure on education as % of GDP (%),SE.XPD.TOTL.GD.ZS,..,..,..,..,..,..,..,..,..,..,..,..,..
Equatorial Guinea,GNQ,"Gross enrolment ratio, primary, gender parity index (GPI)",SE.ENR.PRIM.FM.ZS,0.82578,0.96859,0.95191,0.9967,0.99481,..,..,0.99409,..,..,..,..,..
Eritrea,ERI,Government expenditure on education as % of GDP (%),SE.XPD.TOTL.GD.ZS,..,4.04716,3.5239,..,..,..,..,..,..,..,..,..,..
Eritrea,ERI,"Gross enrolment ratio, primary, gender parity index (GPI)",SE.ENR.PRIM.FM.ZS,0.82514,0.82763,0.80529,0.84012,0.84254,1.04512,0.85368,0.86172,..,0.85945,0.85746,..,..
Estonia,EST,Government expenditure on education as % of GDP (%),SE.XPD.TOTL.GD.ZS,5.33243,5.22461,5.43131,4.96992,4.68269,4.81267,5.36708,5.10685,5.17054,4.97338,..,..,..
Estonia,EST,"Gross enrolment ratio, primary, gender parity index (GPI)",SE.ENR.PRIM.FM.ZS,0.99018,0.98467,0.98281,0.99728,0.99748,0.99434,0.99398,1.00007,1.00148,1.00048,1.0026,..,..
Eswatini,SWZ,Government expenditure on education as % of GDP (%),SE.XPD.TOTL.GD.ZS,5.50848,4.83824,4.44087,6.86433,..,..,7.07032,..,..,..,..,..,..
Eswatini,SWZ,"Gross enrolment ratio, primary, gender parity index (GPI)",SE.ENR.PRIM.FM.ZS,0.94499,0.95243,0.92949,0.88533,0.90337,0.9029,0.90716,0.90907,0.91816,0.92021,0.92264,..,..
Ethiopia,ETH,Government expenditure on education as % of GDP (%),SE.XPD.TOTL.GD.ZS,3.98311,3.70029,3.63245,5.48576,5.56678,4.49855,4.60202,4.73792,..,..,..,..,..
Ethiopia,ETH,"Gross enrolment ratio, primary, gender parity index (GPI)",SE.ENR.PRIM.FM.ZS,0.656,0.69416,0.71718,0.92113,0.92815,..,0.91799,0.90851,..,..,..,..,..
Euro area,EMU,Government expenditure on education as % of GDP (%),SE.XPD.TOTL.GD.ZS,4.893635035,5.33506012,5.409160137,5.31856513,5.461319923,5.376790047,5.281619787,..,..,..,..,..,..
Euro area,EMU,"Gross enrolment ratio, primary, gender parity index (GPI)",SE.ENR.PRIM.FM.ZS,0.99021,0.99055,0.98717,0.99228,0.9947,0.99694,0.99722,0.99795,0.99962,0.99558,0.99601,0.99693,..
Europe & Central Asia,ECS,Government expenditure on education as % of GDP (%),SE.XPD.TOTL.GD.ZS,4.176370144,4.680490017,4.569795132,4.993620157,4.933310032,5.040480137,5.123250008,..,..,..,..,..,..
Europe & Central Asia,ECS,"Gross enrolment ratio, primary, gender parity index (GPI)",SE.ENR.PRIM.FM.ZS,0.98212,0.98375,0.98383,0.99483,0.9956,0.9982,0.99918,0.99924,0.99936,0.99651,0.99536,0.99613,..
Europe & Central Asia (excluding high income),ECA,Government expenditure on education as % of GDP (%),SE.XPD.TOTL.GD.ZS,3.25661993,3.290529966,3.300149918,4.046530008,3.903880119,..,..,..,..,..,..,..,..
Europe & Central Asia (excluding high income),ECA,"Gross enrolment ratio, primary, gender parity index (GPI)",SE.ENR.PRIM.FM.ZS,0.96859,0.97147,0.9739,0.99641,0.99509,0.99788,0.99993,0.99953,0.99887,0.99632,0.99399,0.99494,..
Europe & Central Asia (IDA & IBRD countries),TEC,Government expenditure on education as % of GDP (%),SE.XPD.TOTL.GD.ZS,..,..,..,..,..,..,..,..,..,..,..,..,..
Europe & Central Asia (IDA & IBRD countries),TEC,"Gross enrolment ratio, primary, gender parity index (GPI)",SE.ENR.PRIM.FM.ZS,0.97159,0.97422,0.97641,0.99589,0.99526,0.99762,0.99944,0.99924,0.99878,0.99639,0.99347,0.99427,..
European Union,EUU,Government expenditure on education as % of GDP (%),SE.XPD.TOTL.GD.ZS,4.858910084,5.236480236,5.213424921,5.120269775,4.946400166,5.296815157,5.268799782,..,..,..,..,..,..
European Union,EUU,"Gross enrolment ratio, primary, gender parity index (GPI)",SE.ENR.PRIM.FM.ZS,0.99195,0.9925,0.99076,0.99356,0.99576,0.99837,0.99859,0.99903,0.99978,0.99662,0.99632,0.99696,..
Faroe Islands,FRO,Government expenditure on education as % of GDP (%),SE.XPD.TOTL.GD.ZS,..,..,..,..,..,..,..,..,..,..,..,..,..
Faroe Islands,FRO,"Gross enrolment ratio, primary, gender parity index (GPI)",SE.ENR.PRIM.FM.ZS,..,..,..,..,..,..,..,..,..,..,..,..,..
Fiji,FJI,Government expenditure on education as % of GDP (%),SE.XPD.TOTL.GD.ZS,5.85725,5.61714,6.24382,4.17306,..,3.88289,..,..,..,..,..,..,..
Fiji,FJI,"Gross enrolment ratio, primary, gender parity index (GPI)",SE.ENR.PRIM.FM.ZS,0.98164,0.99245,1.00523,0.99689,1.00161,0.99976,..,0.97788,0.97785,..,..,0.9628,..
Finland,FIN,Government expenditure on education as % of GDP (%),SE.XPD.TOTL.GD.ZS,5.7093,5.84025,6.01678,6.44505,7.14804,7.12404,7.10237,7.03208,6.85153,6.37621,..,..,..
Finland,FIN,"Gross enrolment ratio, primary, gender parity index (GPI)",SE.ENR.PRIM.FM.ZS,0.9942,0.99492,0.99352,0.99205,0.9916,0.9924,0.9958,0.99416,0.99556,0.99487,0.9947,..,..
Fragile and conflict affected situations,FCS,Government expenditure on education as % of GDP (%),SE.XPD.TOTL.GD.ZS,..,..,..,..,..,..,..,..,..,..,..,..,..
Fragile and conflict affected situations,FCS,"Gross enrolment ratio, primary, gender parity index (GPI)",SE.ENR.PRIM.FM.ZS,0.81901,0.8247,0.82099,0.88759,0.90288,0.90763,0.91183,0.92033,0.91258,0.91037,0.90831,0.90928,..
France,FRA,Government expenditure on education as % of GDP (%),SE.XPD.TOTL.GD.ZS,..,..,..,..,..,..,..,..,..,5.4516,..,..,..
France,FRA,"Gross enrolment ratio, primary, gender parity index (GPI)",SE.ENR.PRIM.FM.ZS,0.99074,0.99166,0.99233,0.99554,0.99941,0.99729,0.9952,0.99378,0.99451,0.99407,0.99458,..,..
French Polynesia,PYF,Government expenditure on education as % of GDP (%),SE.XPD.TOTL.GD.ZS,..,..,..,..,..,..,..,..,..,..,..,..,..
French Polynesia,PYF,"Gross enrolment ratio, primary, gender parity index (GPI)",SE.ENR.PRIM.FM.ZS,..,..,..,..,..,..,..,..,..,..,..,..,..
Gabon,GAB,Government expenditure on education as % of GDP (%),SE.XPD.TOTL.GD.ZS,3.82709,..,..,2.98746,3.0134,3.02971,2.66667,..,..,..,..,..,..
Gabon,GAB,"Gross enrolment ratio, primary, gender parity index (GPI)",SE.ENR.PRIM.FM.ZS,..,1.00112,0.99537,0.96861,..,..,..,..,..,..,..,..,..
"Gambia, The",GMB,Government expenditure on education as % of GDP (%),SE.XPD.TOTL.GD.ZS,1.46587,1.1581,1.44292,2.50117,2.63757,1.81839,2.23094,2.16003,2.02443,..,2.4203,..,..
"Gambia, The",GMB,"Gross enrolment ratio, primary, gender parity index (GPI)",SE.ENR.PRIM.FM.ZS,0.88079,0.9122,0.91143,1.03847,1.04501,1.04389,1.05557,1.06765,1.07557,1.08312,1.0942,1.10831,..
Georgia,GEO,Government expenditure on education as % of GDP (%),SE.XPD.TOTL.GD.ZS,2.18105,2.1375,2.23502,2.57614,1.9061,..,..,..,3.59387,3.57443,3.52106,..,..
Georgia,GEO,"Gross enrolment ratio, primary, gender parity index (GPI)",SE.ENR.PRIM.FM.ZS,1.03469,1.07604,1.08555,1.01078,0.99133,0.98988,0.99094,1.0015,1.0033,1.01081,1.01153,1.00773,..
Germany,DEU,Government expenditure on education as % of GDP (%),SE.XPD.TOTL.GD.ZS,..,..,..,4.82487,4.95658,4.96111,4.93962,4.83498,4.84022,4.90512,..,..,..
Germany,DEU,"Gross enrolment ratio, primary, gender parity index (GPI)",SE.ENR.PRIM.FM.ZS,0.98965,0.99044,0.99048,0.99332,0.99737,0.99459,0.99653,0.99873,1.00026,1.00257,1.00722,..,..
Ghana,GHA,Government expenditure on education as % of GDP (%),SE.XPD.TOTL.GD.ZS,..,5.35444,..,8.14097,7.91914,4.6071,4.49182,4.51089,4.48683,3.61798,3.98944,..,..
Ghana,GHA,"Gross enrolment ratio, primary, gender parity index (GPI)",SE.ENR.PRIM.FM.ZS,0.93129,0.94131,0.9415,0.99065,0.99808,0.99927,0.99941,0.99964,1.01234,1.0101,1.01216,1.01386,..
Gibraltar,GIB,Government expenditure on education as % of GDP (%),SE.XPD.TOTL.GD.ZS,..,..,..,..,..,..,..,..,..,..,..,..,..
Gibraltar,GIB,"Gross enrolment ratio, primary, gender parity index (GPI)",SE.ENR.PRIM.FM.ZS,0.99316,0.99657,..,..,..,..,..,..,0.99394,1.0034,..,1.02162,..
Global Partnership for Education,FTI,Government expenditure on education as % of GDP (%),SE.XPD.TOTL.GD.ZS,2.7893627,..,..,..,..,..,..,..,..,..,..,..,..
Global Partnership for Education,FTI,"Gross enrolment ratio, primary, gender parity index (GPI)",SE.ENR.PRIM.FM.ZS,0.84552,0.85217,0.85237,0.9368,0.9474,0.94873,0.94943,0.95317,0.94968,0.94937,0.94606,0.94869,..
Greece,GRC,Government expenditure on education as % of GDP (%),SE.XPD.TOTL.GD.ZS,3.23019,3.36458,3.42431,..,..,..,..,..,..,..,..,..,..
Greece,GRC,"Gross enrolment ratio, primary, gender parity index (GPI)",SE.ENR.PRIM.FM.ZS,0.99988,0.99908,0.99006,0.97973,0.98042,0.98269,0.98818,0.99104,0.99577,1.00029,1.00344,..,..
Greenland,GRL,Government expenditure on education as % of GDP (%),SE.XPD.TOTL.GD.ZS,..,..,..,..,..,..,..,..,..,..,..,..,..
Greenland,GRL,"Gross enrolment ratio, primary, gender parity index (GPI)",SE.ENR.PRIM.FM.ZS,..,..,..,..,..,..,..,..,..,..,..,..,..
Grenada,GRD,Government expenditure on education as % of GDP (%),SE.XPD.TOTL.GD.ZS,..,..,..,..,..,..,..,..,..,3.1738,..,..,..
Grenada,GRD,"Gross enrolment ratio, primary, gender parity index (GPI)",SE.ENR.PRIM.FM.ZS,0.96346,0.94863,0.94995,..,..,0.95633,0.98171,0.96442,0.96948,0.95256,0.98459,..,..
Guam,GUM,Government expenditure on education as % of GDP (%),SE.XPD.TOTL.GD.ZS,..,..,..,..,..,..,..,..,..,..,..,..,..
Guam,GUM,"Gross enrolment ratio, primary, gender parity index (GPI)",SE.ENR.PRIM.FM.ZS,..,..,..,..,..,..,..,..,..,..,..,..,..
Guatemala,GTM,Government expenditure on education as % of GDP (%),SE.XPD.TOTL.GD.ZS,..,..,..,2.92014,2.95786,2.88809,2.98562,3.03033,2.94474,2.95182,3.14093,3.2122,..
Guatemala,GTM,"Gross enrolment ratio, primary, gender parity index (GPI)",SE.ENR.PRIM.FM.ZS,0.90422,0.91136,0.92083,0.984,0.97829,0.97242,0.97053,0.96894,0.96774,0.96986,0.9742,0.97812,..
Guinea,GIN,Government expenditure on education as % of GDP (%),SE.XPD.TOTL.GD.ZS,2.5934,2.08191,2.59387,2.28742,1.83371,2.63421,2.42281,2.51714,2.54456,2.31765,2.31594,..,..
Guinea,GIN,"Gross enrolment ratio, primary, gender parity index (GPI)",SE.ENR.PRIM.FM.ZS,0.66834,0.7048,0.72889,0.85185,0.84215,0.84297,0.84614,..,0.81931,..,..,..,..
Guinea-Bissau,GNB,Government expenditure on education as % of GDP (%),SE.XPD.TOTL.GD.ZS,..,..,..,1.85786,2.00106,2.13249,..,..,..,..,..,..,..
Guinea-Bissau,GNB,"Gross enrolment ratio, primary, gender parity index (GPI)",SE.ENR.PRIM.FM.ZS,0.66682,..,..,..,..,..,..,..,..,..,..,..,..
Guyana,GUY,Government expenditure on education as % of GDP (%),SE.XPD.TOTL.GD.ZS,8.48415,8.3973,8.36554,3.59204,3.18242,..,5.84796,5.21483,6.061,6.23007,5.49358,..,..
Guyana,GUY,"Gross enrolment ratio, primary, gender parity index (GPI)",SE.ENR.PRIM.FM.ZS,0.95617,0.97158,..,0.96229,0.96393,..,..,..,..,..,..,..,..
Haiti,HTI,Government expenditure on education as % of GDP (%),SE.XPD.TOTL.GD.ZS,..,..,..,..,..,..,3.02452,3.15723,2.44959,2.68945,2.78047,..,..
Haiti,HTI,"Gross enrolment ratio, primary, gender parity index (GPI)",SE.ENR.PRIM.FM.ZS,..,..,..,..,..,..,..,..,..,..,..,..,..
Heavily indebted poor countries (HIPC),HPC,Government expenditure on education as % of GDP (%),SE.XPD.TOTL.GD.ZS,2.941455007,3.272500038,3.055380106,3.925139904,4.077355146,4.523084879,..,..,..,..,..,..,..
Heavily indebted poor countries (HIPC),HPC,"Gross enrolment ratio, primary, gender parity index (GPI)",SE.ENR.PRIM.FM.ZS,0.83056,0.83554,0.83641,0.92284,0.92752,0.93207,0.93375,0.94174,0.94361,0.94292,0.94062,0.94317,..
High income,HIC,Government expenditure on education as % of GDP (%),SE.XPD.TOTL.GD.ZS,4.820155144,4.969580173,5.213424921,5.120269775,4.946400166,5.040480137,5.123250008,..,..,..,..,..,..
High income,HIC,"Gross enrolment ratio, primary, gender parity index (GPI)",SE.ENR.PRIM.FM.ZS,0.98885,0.99419,0.9965,0.99853,0.99389,0.99591,0.99732,1.00107,0.99882,0.99668,0.99879,1.00011,..
Honduras,HND,Government expenditure on education as % of GDP (%),SE.XPD.TOTL.GD.ZS,..,..,..,..,..,5.87493,7.09012,6.41297,..,..,6.06746,..,..
Honduras,HND,"Gross enrolment ratio, primary, gender parity index (GPI)",SE.ENR.PRIM.FM.ZS,1.01557,..,..,0.99804,0.99627,0.99137,0.98524,0.99439,0.99548,0.99938,..,1.00072,..
"Hong Kong SAR, China",HKG,Government expenditure on education as % of GDP (%),SE.XPD.TOTL.GD.ZS,..,3.9037,4.01554,3.41822,3.50961,3.76032,3.57255,3.26212,3.29265,3.3101,3.32652,3.81058,..
"Hong Kong SAR, China",HKG,"Gross enrolment ratio, primary, gender parity index (GPI)",SE.ENR.PRIM.FM.ZS,..,..,..,..,1.00234,1.00252,1.00891,1.01762,1.03004,1.04121,1.04478,1.04911,..
Hungary,HUN,Government expenditure on education as % of GDP (%),SE.XPD.TOTL.GD.ZS,4.8684,4.93101,5.17923,4.59011,4.16386,4.19773,4.61743,4.51866,4.65539,4.6671,..,..,..
Hungary,HUN,"Gross enrolment ratio, primary, gender parity index (GPI)",SE.ENR.PRIM.FM.ZS,0.98109,0.98155,0.98216,0.99531,0.99455,0.99224,0.99306,0.9968,0.99754,0.99419,0.99296,..,..
IBRD only,IBD,Government expenditure on education as % of GDP (%),SE.XPD.TOTL.GD.ZS,..,..,..,..,..,..,..,..,..,..,..,..,..
IBRD only,IBD,"Gross enrolment ratio, primary, gender parity index (GPI)",SE.ENR.PRIM.FM.ZS,0.94226,0.94773,0.95203,0.99451,0.99725,1.0251,1.02538,1.02592,1.04312,1.0383,0.99951,0.99848,..
Iceland,ISL,Government expenditure on education as % of GDP (%),SE.XPD.TOTL.GD.ZS,6.44717,6.73002,7.31757,6.81823,7.59636,7.49122,7.68858,7.51291,7.49521,7.65822,..,..,..
Iceland,ISL,"Gross enrolment ratio, primary, gender parity index (GPI)",SE.ENR.PRIM.FM.ZS,0.9777,0.98345,0.9841,1.00345,1.00409,0.99334,0.99037,0.99904,0.999,0.99995,0.99755,..,..
IDA & IBRD total,IBT,Government expenditure on education as % of GDP (%),SE.XPD.TOTL.GD.ZS,..,..,..,..,..,..,..,..,..,..,..,..,..
IDA & IBRD total,IBT,"Gross enrolment ratio, primary, gender parity index (GPI)",SE.ENR.PRIM.FM.ZS,0.91514,0.92007,0.92207,0.97444,0.97908,0.99798,0.99785,0.9993,1.00871,1.00517,0.97893,0.97914,..
IDA blend,IDB,Government expenditure on education as % of GDP (%),SE.XPD.TOTL.GD.ZS,..,..,..,..,..,..,..,..,..,..,..,..,..
IDA blend,IDB,"Gross enrolment ratio, primary, gender parity index (GPI)",SE.ENR.PRIM.FM.ZS,0.80951,0.8174,0.81213,0.91996,0.94386,0.94468,0.9417,0.9374,0.92309,0.92673,0.91948,0.92446,..
IDA only,IDX,Government expenditure on education as % of GDP (%),SE.XPD.TOTL.GD.ZS,..,..,..,..,..,..,..,..,..,..,..,..,..
IDA only,IDX,"Gross enrolment ratio, primary, gender parity index (GPI)",SE.ENR.PRIM.FM.ZS,0.85463,0.86169,0.86505,0.94221,0.9452,0.94817,0.94991,0.95688,0.95783,0.95552,0.95372,0.95556,..
IDA total,IDA,Government expenditure on education as % of GDP (%),SE.XPD.TOTL.GD.ZS,..,..,..,..,..,..,..,..,..,..,..,..,..
IDA total,IDA,"Gross enrolment ratio, primary, gender parity index (GPI)",SE.ENR.PRIM.FM.ZS,0.83915,0.8468,0.84797,0.93632,0.94549,0.94775,0.94807,0.95172,0.94779,0.94738,0.94385,0.94657,..
India,IND,Government expenditure on education as % of GDP (%),SE.XPD.TOTL.GD.ZS,4.32479,..,..,3.79618,3.8675,3.84467,..,..,..,..,..,..,..
India,IND,"Gross enrolment ratio, primary, gender parity index (GPI)",SE.ENR.PRIM.FM.ZS,0.85883,0.8684,0.88545,1.03525,1.03883,1.11811,1.11393,1.11618,1.16104,1.14725,..,1.01958,..
Indonesia,IDN,Government expenditure on education as % of GDP (%),SE.XPD.TOTL.GD.ZS,..,2.46003,2.64569,3.18944,3.40748,3.35904,3.28801,3.5836,..,..,..,..,..
Indonesia,IDN,"Gross enrolment ratio, primary, gender parity index (GPI)",SE.ENR.PRIM.FM.ZS,0.97192,0.97702,0.97836,1.03633,0.9971,0.9966,0.9754,0.97193,0.96915,0.96869,0.96723,..,..
"Iran, Islamic Rep.",IRN,Government expenditure on education as % of GDP (%),SE.XPD.TOTL.GD.ZS,4.03064,4.07168,4.48488,3.48497,3.16859,3.06795,2.80135,2.79739,3.36576,3.7904,3.95536,..,..
"Iran, Islamic Rep.",IRN,"Gross enrolment ratio, primary, gender parity index (GPI)",SE.ENR.PRIM.FM.ZS,0.94237,0.94431,0.94986,0.97903,0.97984,1.01442,1.05038,1.06232,1.06938,1.05748,..,..,..
Iraq,IRQ,Government expenditure on education as % of GDP (%),SE.XPD.TOTL.GD.ZS,..,..,..,..,..,..,..,..,..,..,..,..,..
Iraq,IRQ,"Gross enrolment ratio, primary, gender parity index (GPI)",SE.ENR.PRIM.FM.ZS,0.83071,..,..,..,..,..,..,..,..,..,..,..,..
Ireland,IRL,Government expenditure on education as % of GDP (%),SE.XPD.TOTL.GD.ZS,4.13664,4.09187,4.10604,5.85826,5.76573,5.33461,4.88139,3.75829,3.71973,3.50686,..,..,..
Ireland,IRL,"Gross enrolment ratio, primary, gender parity index (GPI)",SE.ENR.PRIM.FM.ZS,0.98691,0.99156,0.99526,0.99889,1.0001,0.99635,0.99573,0.996,0.99426,0.99693,0.99493,..,..
Isle of Man,IMN,Government expenditure on education as % of GDP (%),SE.XPD.TOTL.GD.ZS,..,..,..,..,..,..,..,..,..,..,..,..,..
Isle of Man,IMN,"Gross enrolment ratio, primary, gender parity index (GPI)",SE.ENR.PRIM.FM.ZS,..,..,..,..,..,..,..,..,..,..,..,..,..
Israel,ISR,Government expenditure on education as % of GDP (%),SE.XPD.TOTL.GD.ZS,6.11802,6.37691,6.46638,5.56688,5.69981,5.88489,5.79265,5.8673,5.85713,6.09262,..,..,..
Israel,ISR,"Gross enrolment ratio, primary, gender parity index (GPI)",SE.ENR.PRIM.FM.ZS,0.98963,0.99697,0.9967,1.00479,1.00476,1.00287,1.00386,1.00666,1.00916,1.00901,1.00878,..,..
Italy,ITA,Government expenditure on education as % of GDP (%),SE.XPD.TOTL.GD.ZS,4.29108,4.65009,4.43241,4.11568,4.05602,4.14367,4.06128,4.07363,3.81579,4.04494,..,..,..
Italy,ITA,"Gross enrolment ratio, primary, gender parity index (GPI)",SE.ENR.PRIM.FM.ZS,0.99801,0.99128,0.97797,0.98856,0.99215,0.99517,0.99506,0.99571,1.00004,0.96999,0.96739,..,..
Jamaica,JAM,Government expenditure on education as % of GDP (%),SE.XPD.TOTL.GD.ZS,4.98347,5.38103,5.37523,6.26664,6.11246,6.25108,6.01654,5.45577,5.31508,5.26062,5.41478,5.16919,..
Jamaica,JAM,"Gross enrolment ratio, primary, gender parity index (GPI)",SE.ENR.PRIM.FM.ZS,0.99756,0.99213,0.9981,..,..,..,..,1.05793,0.9853,0.98402,0.95526,0.97849,..
Japan,JPN,Government expenditure on education as % of GDP (%),SE.XPD.TOTL.GD.ZS,3.51617,3.45707,3.46537,3.64258,3.69226,3.66538,3.59059,..,3.18618,3.18218,..,..,..
Japan,JPN,"Gross enrolment ratio, primary, gender parity index (GPI)",SE.ENR.PRIM.FM.ZS,..,..,..,..,..,..,..,..,..,..,..,..,..
Jordan,JOR,Government expenditure on education as % of GDP (%),SE.XPD.TOTL.GD.ZS,..,..,..,..,..,..,..,..,3.51412,3.28405,3.03435,3.07253,..
Jordan,JOR,"Gross enrolment ratio, primary, gender parity index (GPI)",SE.ENR.PRIM.FM.ZS,1.01052,..,1.00638,0.97741,0.96983,0.97897,0.98928,..,0.98421,0.98168,0.98193,0.98335,..
Kazakhstan,KAZ,Government expenditure on education as % of GDP (%),SE.XPD.TOTL.GD.ZS,3.25662,..,3.0297,..,..,..,..,2.78858,2.9781,2.75082,2.61595,..,..
Kazakhstan,KAZ,"Gross enrolment ratio, primary, gender parity index (GPI)",SE.ENR.PRIM.FM.ZS,1.00353,0.99379,0.99515,1.00549,1.00473,1.0028,1.00078,1.00178,1.00264,1.0166,1.0172,1.01801,..
Kenya,KEN,Government expenditure on education as % of GDP (%),SE.XPD.TOTL.GD.ZS,5.18673,5.20621,6.172,5.33529,5.50904,5.41138,5.28021,5.27134,5.36267,5.36668,5.30625,..,..
Kenya,KEN,"Gross enrolment ratio, primary, gender parity index (GPI)",SE.ENR.PRIM.FM.ZS,0.98157,0.97583,0.94503,..,1.00825,..,1.00738,0.99947,1.0037,..,..,..,..
Kiribati,KIR,Government expenditure on education as % of GDP (%),SE.XPD.TOTL.GD.ZS,11.18587,11.98812,..,..,..,..,..,..,..,..,..,..,..
Kiribati,KIR,"Gross enrolment ratio, primary, gender parity index (GPI)",SE.ENR.PRIM.FM.ZS,0.99149,1.04816,1.02523,..,..,..,1.01567,1.02041,1.02322,1.07131,..,..,..
"Korea, Dem. People’s Rep.",PRK,Government expenditure on education as % of GDP (%),SE.XPD.TOTL.GD.ZS,..,..,..,..,..,..,..,..,..,..,..,..,..
"Korea, Dem. People’s Rep.",PRK,"Gross enrolment ratio, primary, gender parity index (GPI)",SE.ENR.PRIM.FM.ZS,..,..,..,..,..,..,..,..,..,..,0.99923,..,..
"Korea, Rep.",KOR,Government expenditure on education as % of GDP (%),SE.XPD.TOTL.GD.ZS,..,..,..,..,..,..,..,..,4.3331,..,..,..,..
"Korea, Rep.",KOR,"Gross enrolment ratio, primary, gender parity index (GPI)",SE.ENR.PRIM.FM.ZS,1.01375,1.00549,1.00209,1.0024,1.00183,1.00088,0.99891,0.99847,0.99847,0.99754,0.99823,..,..
Kosovo,XKX,Government expenditure on education as % of GDP (%),SE.XPD.TOTL.GD.ZS,..,..,..,..,..,..,..,..,..,..,..,..,..
Kosovo,XKX,"Gross enrolment ratio, primary, gender parity index (GPI)",SE.ENR.PRIM.FM.ZS,..,..,..,..,..,..,..,..,..,..,..,..,..
Kuwait,KWT,Government expenditure on education as % of GDP (%),SE.XPD.TOTL.GD.ZS,..,6.58583,6.55111,..,..,..,..,..,..,..,..,..,..
Kuwait,KWT,"Gross enrolment ratio, primary, gender parity index (GPI)",SE.ENR.PRIM.FM.ZS,1.0224,1.09064,1.11089,0.99762,1.01135,1.02245,1.02143,1.03221,1.03976,1.03327,1.10302,1.15235,..
Kyrgyz Republic,KGZ,Government expenditure on education as % of GDP (%),SE.XPD.TOTL.GD.ZS,3.50839,3.85418,4.44546,6.79062,7.38423,6.7802,5.5316,5.98551,6.58615,6.02619,..,..,..
Kyrgyz Republic,KGZ,"Gross enrolment ratio, primary, gender parity index (GPI)",SE.ENR.PRIM.FM.ZS,0.98663,0.98022,0.98209,0.99109,0.98744,0.9886,0.99054,0.99271,0.98987,0.99209,0.99348,0.98777,..
Lao PDR,LAO,Government expenditure on education as % of GDP (%),SE.XPD.TOTL.GD.ZS,1.50369,1.99028,2.82522,1.70802,1.82147,3.23381,2.93781,..,..,..,..,..,..
Lao PDR,LAO,"Gross enrolment ratio, primary, gender parity index (GPI)",SE.ENR.PRIM.FM.ZS,0.8464,0.85114,0.85351,0.92704,0.93407,0.94036,0.94655,0.95433,0.9549,0.9623,0.96227,0.96552,..
Late-demographic dividend,LTE,Government expenditure on education as % of GDP (%),SE.XPD.TOTL.GD.ZS,..,..,..,..,..,..,..,..,..,..,..,..,..
Late-demographic dividend,LTE,"Gross enrolment ratio, primary, gender parity index (GPI)",SE.ENR.PRIM.FM.ZS,0.97729,0.98207,0.98277,0.98056,0.98779,0.99214,0.99624,0.9954,1.0009,1.00255,1.00445,1.00405,..
Latin America & Caribbean,LCN,Government expenditure on education as % of GDP (%),SE.XPD.TOTL.GD.ZS,3.862375021,4.178149939,4.017340183,4.726890087,5.064234972,5.220625162,5.325860023,..,..,..,..,..,..
Latin America & Caribbean,LCN,"Gross enrolment ratio, primary, gender parity index (GPI)",SE.ENR.PRIM.FM.ZS,0.97025,0.97058,0.96976,0.96966,0.97576,0.97857,0.97805,0.97973,0.9841,0.9823,0.98479,0.98331,..
Latin America & Caribbean (excluding high income),LAC,Government expenditure on education as % of GDP (%),SE.XPD.TOTL.GD.ZS,4.134109974,4.339370012,4.104490042,4.966430187,5.064234972,5.220625162,5.325860023,..,..,..,..,..,..
Latin America & Caribbean (excluding high income),LAC,"Gross enrolment ratio, primary, gender parity index (GPI)",SE.ENR.PRIM.FM.ZS,0.96982,0.97016,0.96932,0.96933,0.97569,0.97872,0.97817,0.97995,0.98445,0.9826,0.98519,0.98366,..
Latin America & the Caribbean (IDA & IBRD countries),TLA,Government expenditure on education as % of GDP (%),SE.XPD.TOTL.GD.ZS,..,..,..,..,..,..,..,..,..,..,..,..,..
Latin America & the Caribbean (IDA & IBRD countries),TLA,"Gross enrolment ratio, primary, gender parity index (GPI)",SE.ENR.PRIM.FM.ZS,0.9702,0.97049,0.9696,0.96916,0.97532,0.9783,0.97823,0.98006,0.98442,0.98264,0.98511,0.9835,..
Latvia,LVA,Government expenditure on education as % of GDP (%),SE.XPD.TOTL.GD.ZS,5.29065,5.46503,5.61846,4.93298,6.5825,6.9804,5.2749,5.31413,4.71299,4.39712,..,..,..
Latvia,LVA,"Gross enrolment ratio, primary, gender parity index (GPI)",SE.ENR.PRIM.FM.ZS,0.97959,0.97663,0.97273,0.98533,0.99016,0.99363,0.99851,1.00073,1.00078,1.00193,1.00484,..,..
Least developed countries: UN classification,LDC,Government expenditure on education as % of GDP (%),SE.XPD.TOTL.GD.ZS,2.888689995,3.241340041,2.97813499,3.245000005,3.479490042,3.282799959,..,..,..,..,..,..,..
Least developed countries: UN classification,LDC,"Gross enrolment ratio, primary, gender parity index (GPI)",SE.ENR.PRIM.FM.ZS,0.8474,0.85477,0.85932,0.9283,0.93376,0.93923,0.94361,0.95338,0.9537,0.951,0.94882,0.95047,..
Lebanon,LBN,Government expenditure on education as % of GDP (%),SE.XPD.TOTL.GD.ZS,..,2.84148,2.55271,1.65252,2.14809,2.43245,..,..,..,..,..,..,..
Lebanon,LBN,"Gross enrolment ratio, primary, gender parity index (GPI)",SE.ENR.PRIM.FM.ZS,..,..,..,..,..,..,..,..,..,..,..,..,..
Lending category not classified,LNX,Government expenditure on education as % of GDP (%),SE.XPD.TOTL.GD.ZS,..,..,..,..,..,..,..,..,..,..,..,..,..
Lending category not classified,LNX,"Gross enrolment ratio, primary, gender parity index (GPI)",SE.ENR.PRIM.FM.ZS,..,..,..,..,..,..,..,..,..,..,..,..,..
Lesotho,LSO,Government expenditure on education as % of GDP (%),SE.XPD.TOTL.GD.ZS,10.09155,9.36505,10.10045,..,..,..,..,..,..,7.96332,6.98519,..,..
Lesotho,LSO,"Gross enrolment ratio, primary, gender parity index (GPI)",SE.ENR.PRIM.FM.ZS,1.03339,1.01139,1.00442,0.95065,0.95536,0.96141,0.95713,0.95012,0.95015,0.94929,..,..,..
Liberia,LBR,Government expenditure on education as % of GDP (%),SE.XPD.TOTL.GD.ZS,..,..,..,..,1.77712,1.73466,2.2791,..,..,2.76128,2.58412,..,..
Liberia,LBR,"Gross enrolment ratio, primary, gender parity index (GPI)",SE.ENR.PRIM.FM.ZS,0.73705,..,..,0.91209,..,..,0.91573,0.89947,0.99311,0.99089,..,..,..
Libya,LBY,Government expenditure on education as % of GDP (%),SE.XPD.TOTL.GD.ZS,..,..,..,..,..,..,..,..,..,..,..,..,..
Libya,LBY,"Gross enrolment ratio, primary, gender parity index (GPI)",SE.ENR.PRIM.FM.ZS,..,1.01746,1.0011,..,..,..,..,..,..,..,..,..,..
Liechtenstein,LIE,Government expenditure on education as % of GDP (%),SE.XPD.TOTL.GD.ZS,..,..,..,2.55604,..,..,..,..,..,..,..,..,..
Liechtenstein,LIE,"Gross enrolment ratio, primary, gender parity index (GPI)",SE.ENR.PRIM.FM.ZS,..,..,..,1.00861,1.02419,..,0.9922,0.98414,0.96183,0.96725,1.00841,..,..
Lithuania,LTU,Government expenditure on education as % of GDP (%),SE.XPD.TOTL.GD.ZS,..,5.84038,5.79253,5.12709,4.76923,4.6095,4.49106,4.22989,4.00394,3.81283,..,..,..
Lithuania,LTU,"Gross enrolment ratio, primary, gender parity index (GPI)",SE.ENR.PRIM.FM.ZS,0.9931,0.98574,0.98596,0.98822,0.9946,0.99827,0.99731,0.99725,0.99733,0.99973,1.00032,..,..
Low & middle income,LMY,Government expenditure on education as % of GDP (%),SE.XPD.TOTL.GD.ZS,3.508369923,3.684484959,3.394880056,3.930124998,4.101180077,4.364099979,..,..,..,..,..,..,..
Low & middle income,LMY,"Gross enrolment ratio, primary, gender parity index (GPI)",SE.ENR.PRIM.FM.ZS,0.91461,0.9196,0.92163,0.97442,0.97907,0.99807,0.99788,0.99933,1.00879,1.00523,0.97892,0.97914,..
Low income,LIC,Government expenditure on education as % of GDP (%),SE.XPD.TOTL.GD.ZS,2.971560001,3.272500038,..,3.798424959,4.053530216,3.474649906,3.993020058,..,..,..,..,..,..
Low income,LIC,"Gross enrolment ratio, primary, gender parity index (GPI)",SE.ENR.PRIM.FM.ZS,0.7931,0.79987,0.80494,0.89965,0.90527,0.90951,0.9123,0.92146,0.92283,0.92172,0.91834,0.92101,..
Lower middle income,LMC,Government expenditure on education as % of GDP (%),SE.XPD.TOTL.GD.ZS,3.134629965,3.761435032,3.131850004,3.839720011,3.942765117,3.844670057,..,..,..,..,..,..,..
Lower middle income,LMC,"Gross enrolment ratio, primary, gender parity index (GPI)",SE.ENR.PRIM.FM.ZS,0.87886,0.88723,0.89466,0.98857,0.99849,1.03281,1.0316,1.033,1.04839,1.04197,0.98912,0.98933,..
Luxembourg,LUX,Government expenditure on education as % of GDP (%),SE.XPD.TOTL.GD.ZS,..,3.5558,..,..,4.09041,..,4.00789,3.9182,..,3.56959,..,..,..
Luxembourg,LUX,"Gross enrolment ratio, primary, gender parity index (GPI)",SE.ENR.PRIM.FM.ZS,1.01135,0.99628,0.99316,1.02052,1.00279,1.00555,1.00258,0.99895,0.99692,0.99446,0.97575,..,..
"Macao SAR, China",MAC,Government expenditure on education as % of GDP (%),SE.XPD.TOTL.GD.ZS,3.34087,2.73402,2.862,2.68519,3.33736,2.04986,2.03206,2.9817,3.07791,2.68989,2.7387,..,..
"Macao SAR, China",MAC,"Gross enrolment ratio, primary, gender parity index (GPI)",SE.ENR.PRIM.FM.ZS,0.95845,0.96436,0.94683,0.98687,0.98233,0.98651,0.99173,0.98414,0.98614,0.98814,0.99346,0.97994,..
Madagascar,MDG,Government expenditure on education as % of GDP (%),SE.XPD.TOTL.GD.ZS,2.43869,2.7072,2.23179,2.38168,2.34067,1.77694,2.38123,2.21012,2.68719,..,2.82549,..,..
Madagascar,MDG,"Gross enrolment ratio, primary, gender parity index (GPI)",SE.ENR.PRIM.FM.ZS,0.96077,0.9614,0.96108,0.98127,0.98719,0.99253,0.99726,0.99973,1.00178,..,1.00731,1.01724,..
Malawi,MWI,Government expenditure on education as % of GDP (%),SE.XPD.TOTL.GD.ZS,5.24797,4.50898,..,4.15262,..,5.41617,4.83984,5.60866,4.74857,4.03133,4.71484,..,..
Malawi,MWI,"Gross enrolment ratio, primary, gender parity index (GPI)",SE.ENR.PRIM.FM.ZS,0.94686,0.94933,0.95074,1.0241,1.02167,1.01823,1.01878,1.02041,1.02666,1.03159,1.00899,1.0299,..
Malaysia,MYS,Government expenditure on education as % of GDP (%),SE.XPD.TOTL.GD.ZS,5.97161,7.48447,7.65793,5.76294,5.73903,5.4812,5.21264,4.89487,4.75191,4.67757,4.48126,4.16319,..
Malaysia,MYS,"Gross enrolment ratio, primary, gender parity index (GPI)",SE.ENR.PRIM.FM.ZS,1.00075,0.99962,0.99976,1.01077,1.01021,1.00918,1.00747,1.00579,1.01251,1.01329,..,..,..
Maldives,MDV,Government expenditure on education as % of GDP (%),SE.XPD.TOTL.GD.ZS,..,..,5.79186,3.5066,3.76038,3.80012,3.47046,4.36655,4.09971,..,..,..,..
Maldives,MDV,"Gross enrolment ratio, primary, gender parity index (GPI)",SE.ENR.PRIM.FM.ZS,1.00161,0.9948,0.98659,..,..,..,..,0.97116,1.00404,1.01949,1.03627,1.02571,..
Mali,MLI,Government expenditure on education as % of GDP (%),SE.XPD.TOTL.GD.ZS,2.97156,2.65845,2.89623,3.75423,3.47949,3.28465,3.64807,3.8015,3.09609,3.78731,..,..,..
Mali,MLI,"Gross enrolment ratio, primary, gender parity index (GPI)",SE.ENR.PRIM.FM.ZS,0.74539,0.73335,0.75298,0.87009,0.87455,..,0.8872,0.89754,0.88272,0.89448,0.901,..,..
Malta,MLT,Government expenditure on education as % of GDP (%),SE.XPD.TOTL.GD.ZS,..,..,4.14626,7.79612,6.52243,7.87614,7.20495,5.21635,5.20754,4.82438,..,..,..
Malta,MLT,"Gross enrolment ratio, primary, gender parity index (GPI)",SE.ENR.PRIM.FM.ZS,1.00876,0.99869,0.99007,1.01173,1.00101,1.00509,1.01409,1.01476,1.02111,1.00193,1.00677,..,..
Marshall Islands,MHL,Government expenditure on education as % of GDP (%),SE.XPD.TOTL.GD.ZS,..,..,8.20898,..,..,..,..,..,..,..,..,..,..
Marshall Islands,MHL,"Gross enrolment ratio, primary, gender parity index (GPI)",SE.ENR.PRIM.FM.ZS,..,..,0.93261,0.96936,..,..,..,0.97674,0.99596,..,..,0.96443,..
Mauritania,MRT,Government expenditure on education as % of GDP (%),SE.XPD.TOTL.GD.ZS,..,2.10684,2.27715,2.33102,2.15821,2.29354,..,..,1.94406,..,..,1.89546,..
Mauritania,MRT,"Gross enrolment ratio, primary, gender parity index (GPI)",SE.ENR.PRIM.FM.ZS,0.96855,0.96069,0.98389,1.05479,1.05178,1.04841,1.05532,1.04896,1.06181,1.06635,1.05809,1.06356,..
Mauritius,MUS,Government expenditure on education as % of GDP (%),SE.XPD.TOTL.GD.ZS,3.76911,3.11486,3.0609,3.33207,3.4182,3.61579,4.91695,4.88667,5.0136,5.02313,4.83459,4.71935,..
Mauritius,MUS,"Gross enrolment ratio, primary, gender parity index (GPI)",SE.ENR.PRIM.FM.ZS,0.99127,0.99459,0.9995,1.00815,1.00739,1.01698,1.02053,1.01763,1.0179,1.01774,1.02711,1.02579,..
Mayotte,MYT,Government expenditure on education as % of GDP (%),SE.XPD.TOTL.GD.ZS,..,..,..,..,..,..,..,..,..,..,..,..,..
Mayotte,MYT,"Gross enrolment ratio, primary, gender parity index (GPI)",SE.ENR.PRIM.FM.ZS,..,..,..,..,..,..,..,..,..,..,..,..,..
Mexico,MEX,Government expenditure on education as % of GDP (%),SE.XPD.TOTL.GD.ZS,3.99244,4.24104,4.45496,5.10565,5.1031,4.69605,5.26062,5.23524,4.90949,4.52282,..,..,..
Mexico,MEX,"Gross enrolment ratio, primary, gender parity index (GPI)",SE.ENR.PRIM.FM.ZS,0.97533,0.97937,0.98179,0.98848,0.99117,0.99224,0.99447,0.99753,1.00102,1.00491,1.00622,..,..
"Micronesia, Fed. Sts.",FSM,Government expenditure on education as % of GDP (%),SE.XPD.TOTL.GD.ZS,6.70687,..,..,..,..,..,..,12.40792,..,..,..,..,..
"Micronesia, Fed. Sts.",FSM,"Gross enrolment ratio, primary, gender parity index (GPI)",SE.ENR.PRIM.FM.ZS,..,..,..,..,..,..,0.97012,0.97595,0.96101,..,..,0.95877,..
Middle East & North Africa,MEA,Government expenditure on education as % of GDP (%),SE.XPD.TOTL.GD.ZS,..,6.20182991,..,..,..,..,..,..,..,..,..,..,..
Middle East & North Africa,MEA,"Gross enrolment ratio, primary, gender parity index (GPI)",SE.ENR.PRIM.FM.ZS,0.89499,0.90472,0.91096,0.93661,0.94738,0.95524,0.96247,0.96964,0.96954,0.96999,0.97164,0.97417,..
Middle East & North Africa (excluding high income),MNA,Government expenditure on education as % of GDP (%),SE.XPD.TOTL.GD.ZS,..,..,..,..,..,..,..,..,..,..,..,..,..
Middle East & North Africa (excluding high income),MNA,"Gross enrolment ratio, primary, gender parity index (GPI)",SE.ENR.PRIM.FM.ZS,0.89097,0.89945,0.90637,0.9284,0.93942,0.95022,0.95872,0.96236,0.96604,0.96481,0.9663,0.96845,..
Middle East & North Africa (IDA & IBRD countries),TMN,Government expenditure on education as % of GDP (%),SE.XPD.TOTL.GD.ZS,..,..,..,..,..,..,..,..,..,..,..,..,..
Middle East & North Africa (IDA & IBRD countries),TMN,"Gross enrolment ratio, primary, gender parity index (GPI)",SE.ENR.PRIM.FM.ZS,0.8899,0.89838,0.90537,0.92777,0.93897,0.94967,0.95836,0.96197,0.96567,0.96447,0.96592,0.96814,..
Middle income,MIC,Government expenditure on education as % of GDP (%),SE.XPD.TOTL.GD.ZS,3.821174979,3.849435091,3.810859919,4.147749901,4.402155161,4.475830078,..,..,..,..,..,..,..
Middle income,MIC,"Gross enrolment ratio, primary, gender parity index (GPI)",SE.ENR.PRIM.FM.ZS,0.92764,0.93339,0.9363,0.98748,0.99227,1.01422,1.01412,1.01421,1.02541,1.02165,0.99104,0.9909,..
Moldova,MDA,Government expenditure on education as % of GDP (%),SE.XPD.TOTL.GD.ZS,4.48639,4.84685,5.49791,7.13638,6.98339,..,6.26602,..,5.60845,5.61844,5.43973,..,..
Moldova,MDA,"Gross enrolment ratio, primary, gender parity index (GPI)",SE.ENR.PRIM.FM.ZS,0.99172,0.99999,0.99499,0.99183,0.99766,1.00068,0.99573,0.98993,0.99225,0.99662,1.00059,0.97405,..
Monaco,MCO,Government expenditure on education as % of GDP (%),SE.XPD.TOTL.GD.ZS,1.25536,..,..,1.58989,1.78004,1.3344,1.02195,..,1.37093,1.45793,..,..,..
Monaco,MCO,"Gross enrolment ratio, primary, gender parity index (GPI)",SE.ENR.PRIM.FM.ZS,..,..,..,..,..,..,..,..,..,..,..,..,..
Mongolia,MNG,Government expenditure on education as % of GDP (%),SE.XPD.TOTL.GD.ZS,5.55037,..,7.21078,4.60903,5.19521,4.94077,4.71485,4.17699,5.18061,4.08859,..,..,..
Mongolia,MNG,"Gross enrolment ratio, primary, gender parity index (GPI)",SE.ENR.PRIM.FM.ZS,1.0136,1.01299,1.01332,0.97605,0.97193,0.97192,0.98002,0.98197,0.97744,0.97768,0.9765,..,..
Montenegro,MNE,Government expenditure on education as % of GDP (%),SE.XPD.TOTL.GD.ZS,..,..,..,..,..,..,..,..,..,..,..,..,..
Montenegro,MNE,"Gross enrolment ratio, primary, gender parity index (GPI)",SE.ENR.PRIM.FM.ZS,..,..,..,1.02309,1.02725,..,..,1.00248,0.98589,1.00007,0.95492,1.00016,..
Morocco,MAR,Government expenditure on education as % of GDP (%),SE.XPD.TOTL.GD.ZS,..,..,..,..,..,..,..,..,..,..,..,..,..
Morocco,MAR,"Gross enrolment ratio, primary, gender parity index (GPI)",SE.ENR.PRIM.FM.ZS,0.84971,0.87861,0.89678,0.94839,0.95333,0.95593,0.95608,0.95002,0.95404,0.95557,0.96039,0.96605,..
Mozambique,MOZ,Government expenditure on education as % of GDP (%),SE.XPD.TOTL.GD.ZS,..,..,..,..,5.67216,6.11533,..,..,5.86504,5.50556,5.49985,..,..
Mozambique,MOZ,"Gross enrolment ratio, primary, gender parity index (GPI)",SE.ENR.PRIM.FM.ZS,0.75093,0.76564,0.78309,0.89559,0.89886,0.90323,0.90938,0.90852,0.92023,0.92523,0.92827,0.93353,..
Myanmar,MMR,Government expenditure on education as % of GDP (%),SE.XPD.TOTL.GD.ZS,..,..,..,0.78744,..,..,..,..,..,2.08768,1.92289,1.93208,..
Myanmar,MMR,"Gross enrolment ratio, primary, gender parity index (GPI)",SE.ENR.PRIM.FM.ZS,0.97477,0.97802,0.98926,..,..,..,0.97137,..,0.96849,0.94646,0.9555,..,..
Namibia,NAM,Government expenditure on education as % of GDP (%),SE.XPD.TOTL.GD.ZS,6.99139,7.04744,6.8992,..,..,..,..,..,..,..,..,..,..
Namibia,NAM,"Gross enrolment ratio, primary, gender parity index (GPI)",SE.ENR.PRIM.FM.ZS,0.98888,0.98559,0.98805,..,0.95869,0.95736,..,..,..,0.96295,0.96652,..,..
Nauru,NRU,Government expenditure on education as % of GDP (%),SE.XPD.TOTL.GD.ZS,..,..,..,..,..,..,..,..,..,..,..,..,..
Nauru,NRU,"Gross enrolment ratio, primary, gender parity index (GPI)",SE.ENR.PRIM.FM.ZS,1.15499,0.9513,0.86348,..,1.06163,..,0.92025,..,0.94994,..,..,0.98817,..
Nepal,NPL,Government expenditure on education as % of GDP (%),SE.XPD.TOTL.GD.ZS,2.97515,3.70838,3.15284,3.84262,3.76117,3.47465,3.99302,3.70359,4.44099,5.51837,5.10207,..,..
Nepal,NPL,"Gross enrolment ratio, primary, gender parity index (GPI)",SE.ENR.PRIM.FM.ZS,0.77323,0.824,0.84496,1.08158,1.08791,1.08203,1.07381,1.06181,1.05182,1.01812,..,1.01866,..
Netherlands,NLD,Government expenditure on education as % of GDP (%),SE.XPD.TOTL.GD.ZS,4.58512,4.69965,4.8059,5.46304,5.41022,5.52656,5.4589,5.34816,5.4796,5.1751,..,..,..
Netherlands,NLD,"Gross enrolment ratio, primary, gender parity index (GPI)",SE.ENR.PRIM.FM.ZS,0.97876,0.97932,0.97883,0.99924,0.99982,..,..,0.99958,1.00007,0.99986,0.99905,..,..
Netherlands Antilles,ANT,Government expenditure on education as % of GDP (%),SE.XPD.TOTL.GD.ZS,..,..,..,..,..,..,..,..,..,..,..,..,..
Netherlands Antilles,ANT,"Gross enrolment ratio, primary, gender parity index (GPI)",SE.ENR.PRIM.FM.ZS,..,..,..,..,..,..,..,..,..,..,..,..,..
New Caledonia,NCL,Government expenditure on education as % of GDP (%),SE.XPD.TOTL.GD.ZS,..,..,..,..,..,..,..,..,..,..,..,..,..
New Caledonia,NCL,"Gross enrolment ratio, primary, gender parity index (GPI)",SE.ENR.PRIM.FM.ZS,..,..,..,..,..,..,..,..,..,..,..,..,..
New Zealand,NZL,Government expenditure on education as % of GDP (%),SE.XPD.TOTL.GD.ZS,..,6.56049,6.40699,6.93488,7.15063,6.69998,6.34445,6.33739,6.43335,6.28367,..,..,..
New Zealand,NZL,"Gross enrolment ratio, primary, gender parity index (GPI)",SE.ENR.PRIM.FM.ZS,1.00176,0.99396,0.99509,1.00723,1.00704,1.00671,1.00338,1.00536,1.00754,1.00433,1.00597,..,..
Nicaragua,NIC,Government expenditure on education as % of GDP (%),SE.XPD.TOTL.GD.ZS,3.0016,..,2.39101,..,..,..,4.08328,4.07843,4.08115,4.35768,..,..,..
Nicaragua,NIC,"Gross enrolment ratio, primary, gender parity index (GPI)",SE.ENR.PRIM.FM.ZS,1.02271,1.01872,1.00169,..,..,..,..,..,..,..,..,..,..
Niger,NER,Government expenditure on education as % of GDP (%),SE.XPD.TOTL.GD.ZS,2.56265,2.28121,2.40163,3.10248,3.20939,3.71429,5.12745,4.49468,2.99045,2.58165,3.54721,..,..
Niger,NER,"Gross enrolment ratio, primary, gender parity index (GPI)",SE.ENR.PRIM.FM.ZS,0.67536,0.68273,0.68437,0.81929,0.83299,0.83694,0.84765,0.84673,0.85317,0.86498,..,0.87731,..
Nigeria,NGA,Government expenditure on education as % of GDP (%),SE.XPD.TOTL.GD.ZS,..,..,..,..,..,..,..,..,..,..,..,..,..
Nigeria,NGA,"Gross enrolment ratio, primary, gender parity index (GPI)",SE.ENR.PRIM.FM.ZS,0.81035,0.82659,0.8256,0.93277,0.97416,0.97484,0.98539,..,0.94271,..,..,..,..
North America,NAC,Government expenditure on education as % of GDP (%),SE.XPD.TOTL.GD.ZS,5.442009926,4.969580173,5.01072979,5.249169827,5.194859982,4.943789959,4.989480019,..,..,..,..,..,..
North America,NAC,"Gross enrolment ratio, primary, gender parity index (GPI)",SE.ENR.PRIM.FM.ZS,0.98606,0.99845,1.00812,1.0043,0.9869,0.99331,0.9979,1.00044,0.99854,0.9928,0.99855,1.00038,..
North Macedonia,MKD,Government expenditure on education as % of GDP (%),SE.XPD.TOTL.GD.ZS,..,..,3.30015,..,..,..,..,..,..,..,..,..,..
North Macedonia,MKD,"Gross enrolment ratio, primary, gender parity index (GPI)",SE.ENR.PRIM.FM.ZS,0.98201,0.98712,0.99776,..,0.98667,0.99159,0.99112,1.00323,..,0.99875,0.99787,..,..
Northern Mariana Islands,MNP,Government expenditure on education as % of GDP (%),SE.XPD.TOTL.GD.ZS,..,..,..,..,..,..,..,..,..,..,..,..,..
Northern Mariana Islands,MNP,"Gross enrolment ratio, primary, gender parity index (GPI)",SE.ENR.PRIM.FM.ZS,..,..,..,..,..,..,..,..,..,..,..,..,..
Norway,NOR,Government expenditure on education as % of GDP (%),SE.XPD.TOTL.GD.ZS,6.46727,6.83063,7.43729,6.45452,7.3747,7.48535,7.69504,7.56933,8.03055,7.91198,..,..,..
Norway,NOR,"Gross enrolment ratio, primary, gender parity index (GPI)",SE.ENR.PRIM.FM.ZS,1.00257,1.00173,1.00254,1.00205,1.00422,0.99904,0.99927,0.99728,0.99775,0.99918,0.99999,..,..
OECD members,OED,Government expenditure on education as % of GDP (%),SE.XPD.TOTL.GD.ZS,4.858910084,4.969580173,5.213424921,5.185050011,5.180145025,5.259789944,5.192669868,..,..,..,..,..,..
OECD members,OED,"Gross enrolment ratio, primary, gender parity index (GPI)",SE.ENR.PRIM.FM.ZS,0.98528,0.98958,0.99242,0.99526,0.99116,0.99478,0.9963,0.99758,0.99805,0.99553,0.99716,0.99807,..
Oman,OMN,Government expenditure on education as % of GDP (%),SE.XPD.TOTL.GD.ZS,3.20024,4.02031,4.32507,..,..,4.97011,..,..,..,..,..,..,..
Oman,OMN,"Gross enrolment ratio, primary, gender parity index (GPI)",SE.ENR.PRIM.FM.ZS,0.96973,0.97932,0.96774,1.01287,1.0067,1.05943,1.06246,1.04484,1.02596,1.04674,1.10067,1.09267,..
Other small states,OSS,Government expenditure on education as % of GDP (%),SE.XPD.TOTL.GD.ZS,..,..,..,..,..,..,..,..,..,..,..,..,..
Other small states,OSS,"Gross enrolment ratio, primary, gender parity index (GPI)",SE.ENR.PRIM.FM.ZS,0.95215,0.95388,0.94858,0.96876,0.97402,0.97706,0.97801,0.97958,0.98084,0.98132,0.9845,0.98781,..
Pacific island small states,PSS,Government expenditure on education as % of GDP (%),SE.XPD.TOTL.GD.ZS,..,..,..,..,..,..,..,..,..,..,..,..,..
Pacific island small states,PSS,"Gross enrolment ratio, primary, gender parity index (GPI)",SE.ENR.PRIM.FM.ZS,0.97303,0.9817,0.98452,0.98776,0.98955,0.99099,0.98171,0.98431,0.98498,0.98527,0.98415,0.98381,..
Pakistan,PAK,Government expenditure on education as % of GDP (%),SE.XPD.TOTL.GD.ZS,1.83782,..,..,2.22175,2.13628,2.49344,2.46593,2.65002,3.00292,2.89952,..,..,..
Pakistan,PAK,"Gross enrolment ratio, primary, gender parity index (GPI)",SE.ENR.PRIM.FM.ZS,0.67972,0.68023,0.68116,0.85951,0.87165,0.8697,0.8535,0.85593,0.85398,0.86301,0.84441,0.85915,..
Palau,PLW,Government expenditure on education as % of GDP (%),SE.XPD.TOTL.GD.ZS,8.02807,7.7156,7.52929,..,..,..,..,..,..,..,..,..,..
Palau,PLW,"Gross enrolment ratio, primary, gender parity index (GPI)",SE.ENR.PRIM.FM.ZS,0.9133,..,..,..,..,0.89958,0.8794,..,..,..,..,..,..
Panama,PAN,Government expenditure on education as % of GDP (%),SE.XPD.TOTL.GD.ZS,4.75969,4.10588,4.19164,3.15901,..,..,..,..,..,..,..,..,..
Panama,PAN,"Gross enrolment ratio, primary, gender parity index (GPI)",SE.ENR.PRIM.FM.ZS,0.96708,0.96678,0.96555,0.97064,0.97043,0.97297,0.97651,0.97546,0.98421,0.97883,..,..,..
Papua New Guinea,PNG,Government expenditure on education as % of GDP (%),SE.XPD.TOTL.GD.ZS,..,..,..,..,..,..,..,..,..,1.96493,1.93089,..,..
Papua New Guinea,PNG,"Gross enrolment ratio, primary, gender parity index (GPI)",SE.ENR.PRIM.FM.ZS,0.86224,0.85766,0.84662,..,0.88843,..,..,..,0.91491,..,..,..,..
Paraguay,PRY,Government expenditure on education as % of GDP (%),SE.XPD.TOTL.GD.ZS,4.23021,3.83357,3.40773,3.69728,3.66754,..,..,..,3.43834,..,..,..,..
Paraguay,PRY,"Gross enrolment ratio, primary, gender parity index (GPI)",SE.ENR.PRIM.FM.ZS,0.96975,0.97077,0.97106,0.96984,0.97494,..,..,..,..,..,..,..,..
Peru,PER,Government expenditure on education as % of GDP (%),SE.XPD.TOTL.GD.ZS,3.22803,3.03712,2.82057,2.6635,2.92276,3.29729,3.69599,3.96933,3.81317,3.93131,3.72316,3.84729,..
Peru,PER,"Gross enrolment ratio, primary, gender parity index (GPI)",SE.ENR.PRIM.FM.ZS,1.00068,1.00353,1.0031,1.00006,0.99608,1,1.0022,1.00091,0.98786,0.97394,0.96567,0.96158,..
Philippines,PHL,Government expenditure on education as % of GDP (%),SE.XPD.TOTL.GD.ZS,3.1644,2.92464,2.89222,..,..,..,..,..,..,..,..,..,..
Philippines,PHL,"Gross enrolment ratio, primary, gender parity index (GPI)",SE.ENR.PRIM.FM.ZS,..,1.002,0.99216,..,..,..,0.97958,0.97008,0.96668,0.96439,0.96244,..,..
Poland,POL,Government expenditure on education as % of GDP (%),SE.XPD.TOTL.GD.ZS,4.99362,5.32975,5.39797,4.82012,4.81181,4.94011,4.90918,4.81226,4.63922,4.55957,..,..,..
Poland,POL,"Gross enrolment ratio, primary, gender parity index (GPI)",SE.ENR.PRIM.FM.ZS,0.98569,0.98932,0.9915,0.99607,1.00168,1.00182,1.00219,..,..,1.00058,0.98859,..,..
Portugal,PRT,Government expenditure on education as % of GDP (%),SE.XPD.TOTL.GD.ZS,5.16385,5.33713,5.25872,5.12333,4.94941,5.27097,5.124,4.88554,..,5.01561,..,..,..
Portugal,PRT,"Gross enrolment ratio, primary, gender parity index (GPI)",SE.ENR.PRIM.FM.ZS,0.95701,0.98317,0.96138,0.97127,0.97134,0.96485,0.95834,0.96252,0.96486,0.96684,0.97412,..,..
Post-demographic dividend,PST,Government expenditure on education as % of GDP (%),SE.XPD.TOTL.GD.ZS,..,..,..,..,..,..,..,..,..,..,..,..,..
Post-demographic dividend,PST,"Gross enrolment ratio, primary, gender parity index (GPI)",SE.ENR.PRIM.FM.ZS,0.99306,0.99786,1.00051,0.9998,0.99371,0.99742,0.99895,1.00009,0.99979,0.99611,0.9986,0.99956,..
Pre-demographic dividend,PRE,Government expenditure on education as % of GDP (%),SE.XPD.TOTL.GD.ZS,..,..,..,..,..,..,..,..,..,..,..,..,..
Pre-demographic dividend,PRE,"Gross enrolment ratio, primary, gender parity index (GPI)",SE.ENR.PRIM.FM.ZS,0.83059,0.83655,0.8336,0.90194,0.91681,0.92497,0.93207,0.94111,0.93694,0.9366,0.93484,0.93725,..
Puerto Rico,PRI,Government expenditure on education as % of GDP (%),SE.XPD.TOTL.GD.ZS,..,..,..,..,..,6.48108,6.07266,..,..,..,..,..,..
Puerto Rico,PRI,"Gross enrolment ratio, primary, gender parity index (GPI)",SE.ENR.PRIM.FM.ZS,..,..,..,1.04091,1.0471,1.01589,1.00411,1.00037,0.99534,..,0.98945,..,..
Qatar,QAT,Government expenditure on education as % of GDP (%),SE.XPD.TOTL.GD.ZS,3.72598,3.20019,3.84656,4.01224,3.50744,4.07384,3.60535,..,..,2.86383,..,2.69535,..
Qatar,QAT,"Gross enrolment ratio, primary, gender parity index (GPI)",SE.ENR.PRIM.FM.ZS,1.00237,1.02586,0.9428,1.00761,1.03772,1.04647,1.02446,1.00843,0.99371,0.99604,1.01026,1.02992,..
Romania,ROU,Government expenditure on education as % of GDP (%),SE.XPD.TOTL.GD.ZS,2.86863,3.26629,3.50413,3.05943,2.9541,3.04938,3.12642,3.10676,2.97411,3.09539,..,..,..
Romania,ROU,"Gross enrolment ratio, primary, gender parity index (GPI)",SE.ENR.PRIM.FM.ZS,0.98765,0.98377,0.98182,0.98226,0.98106,..,..,0.98508,0.98746,0.98672,0.99153,..,..
Russian Federation,RUS,Government expenditure on education as % of GDP (%),SE.XPD.TOTL.GD.ZS,2.93979,3.10602,3.83502,..,3.7931,3.76383,4.01388,3.83403,3.76044,4.68991,..,..,..
Russian Federation,RUS,"Gross enrolment ratio, primary, gender parity index (GPI)",SE.ENR.PRIM.FM.ZS,0.99151,0.9911,0.99355,1.00615,1.00604,1.00546,1.00672,1.00792,1.006,0.9953,0.98911,..,..
Rwanda,RWA,Government expenditure on education as % of GDP (%),SE.XPD.TOTL.GD.ZS,4.09511,5.66607,..,4.36722,4.40366,4.72194,4.17978,3.63234,3.4193,3.11083,3.07375,..,..
Rwanda,RWA,"Gross enrolment ratio, primary, gender parity index (GPI)",SE.ENR.PRIM.FM.ZS,0.96911,0.99298,0.99337,1.02981,1.02244,1.02393,1.02469,1.01361,0.99879,0.99264,0.98631,0.97976,..
Samoa,WSM,Government expenditure on education as % of GDP (%),SE.XPD.TOTL.GD.ZS,3.58293,3.82629,3.84139,..,..,..,..,..,4.16222,..,..,..,..
Samoa,WSM,"Gross enrolment ratio, primary, gender parity index (GPI)",SE.ENR.PRIM.FM.ZS,1.01511,1.01813,1.01197,1.00089,0.99772,..,1.00265,1.00033,1.01218,1.00264,0.99838,1.0103,..
San Marino,SMR,Government expenditure on education as % of GDP (%),SE.XPD.TOTL.GD.ZS,..,..,..,2.70296,..,..,..,..,..,3.37033,3.59286,..,..
San Marino,SMR,"Gross enrolment ratio, primary, gender parity index (GPI)",SE.ENR.PRIM.FM.ZS,1.04175,..,..,1.00521,0.94788,..,..,..,..,..,1.16476,1.10741,..
Sao Tome and Principe,STP,Government expenditure on education as % of GDP (%),SE.XPD.TOTL.GD.ZS,..,..,2.72058,..,6.33951,5.93969,3.74883,3.8645,5.17307,5.08416,5.14907,..,..
Sao Tome and Principe,STP,"Gross enrolment ratio, primary, gender parity index (GPI)",SE.ENR.PRIM.FM.ZS,..,..,0.9467,0.97067,0.9711,0.9797,0.96457,0.96129,0.95747,0.96736,..,..,..
Saudi Arabia,SAU,Government expenditure on education as % of GDP (%),SE.XPD.TOTL.GD.ZS,5.90982,7.71887,7.63689,..,..,..,..,..,..,..,..,..,..
Saudi Arabia,SAU,"Gross enrolment ratio, primary, gender parity index (GPI)",SE.ENR.PRIM.FM.ZS,..,..,..,0.99529,1.00474,0.9746,0.97039,1.03096,0.99074,1.01429,1.01145,1.01504,..
Senegal,SEN,Government expenditure on education as % of GDP (%),SE.XPD.TOTL.GD.ZS,2.49412,2.60249,2.67932,4.87895,4.73316,5.6725,5.72021,5.45638,5.11309,4.62497,4.83328,..,..
Senegal,SEN,"Gross enrolment ratio, primary, gender parity index (GPI)",SE.ENR.PRIM.FM.ZS,0.86833,0.88765,0.90543,1.12125,1.113,1.11834,1.11969,1.11954,..,..,..,1.14192,..
Serbia,SRB,Government expenditure on education as % of GDP (%),SE.XPD.TOTL.GD.ZS,..,..,..,4.23836,4.16421,..,3.92698,3.78902,3.64027,3.71509,3.58539,..,..
Serbia,SRB,"Gross enrolment ratio, primary, gender parity index (GPI)",SE.ENR.PRIM.FM.ZS,0.99038,0.99748,0.99443,1.00036,0.99994,1.00093,1.00448,0.99775,0.99799,1.00096,1.0003,0.99901,..
Seychelles,SYC,Government expenditure on education as % of GDP (%),SE.XPD.TOTL.GD.ZS,..,..,5.19333,3.60644,2.61393,3.60813,4.08368,..,4.42102,..,..,..,..
Seychelles,SYC,"Gross enrolment ratio, primary, gender parity index (GPI)",SE.ENR.PRIM.FM.ZS,1.02848,1.01065,0.99729,1.05209,1.03965,1.02156,1.01518,1.03043,1.03249,1.05168,1.05868,1.04867,..
Sierra Leone,SLE,Government expenditure on education as % of GDP (%),SE.XPD.TOTL.GD.ZS,4.94937,3.43272,3.54528,2.6689,2.87204,2.37981,2.66292,..,3.06023,4.63577,6.98963,7.70228,..
Sierra Leone,SLE,"Gross enrolment ratio, primary, gender parity index (GPI)",SE.ENR.PRIM.FM.ZS,0.93421,0.70804,..,0.9483,0.98979,1.00134,..,1.01415,1.01101,1.01891,1.03486,1.02634,..
Singapore,SGP,Government expenditure on education as % of GDP (%),SE.XPD.TOTL.GD.ZS,3.3213,3.54249,3.87853,3.03077,3.07086,2.85435,..,..,..,..,..,..,..
Singapore,SGP,"Gross enrolment ratio, primary, gender parity index (GPI)",SE.ENR.PRIM.FM.ZS,..,..,..,..,..,..,..,..,0.99844,0.99893,0.99928,..,..
Sint Maarten (Dutch part),SXM,Government expenditure on education as % of GDP (%),SE.XPD.TOTL.GD.ZS,..,..,..,..,..,..,..,..,..,..,..,..,..
Sint Maarten (Dutch part),SXM,"Gross enrolment ratio, primary, gender parity index (GPI)",SE.ENR.PRIM.FM.ZS,..,..,..,..,1.01615,..,1.0108,..,..,..,..,..,..
Slovak Republic,SVK,Government expenditure on education as % of GDP (%),SE.XPD.TOTL.GD.ZS,3.86468,3.9357,4.2454,3.92964,3.8677,4.07649,4.22136,4.59954,3.91171,3.93913,..,..,..
Slovak Republic,SVK,"Gross enrolment ratio, primary, gender parity index (GPI)",SE.ENR.PRIM.FM.ZS,0.98672,0.99351,0.99616,0.99129,0.99019,0.98557,0.99045,0.99201,0.98865,0.99423,0.99676,..,..
Slovenia,SVN,Government expenditure on education as % of GDP (%),SE.XPD.TOTL.GD.ZS,..,5.75683,5.67286,5.54126,5.62023,5.40573,5.2917,4.90953,4.80178,4.78324,..,..,..
Slovenia,SVN,"Gross enrolment ratio, primary, gender parity index (GPI)",SE.ENR.PRIM.FM.ZS,1.02277,0.99384,0.99114,1.00402,1.00608,1.00675,1.00462,1.00744,1.00739,1.00328,1.00138,..,..
Small states,SST,Government expenditure on education as % of GDP (%),SE.XPD.TOTL.GD.ZS,..,..,..,..,..,..,..,..,..,..,..,..,..
Small states,SST,"Gross enrolment ratio, primary, gender parity index (GPI)",SE.ENR.PRIM.FM.ZS,0.96018,0.96158,0.95858,0.97236,0.97697,0.97731,0.97803,0.98353,0.98106,0.9815,0.98271,0.98688,..
Solomon Islands,SLB,Government expenditure on education as % of GDP (%),SE.XPD.TOTL.GD.ZS,..,..,..,..,..,..,..,..,..,..,..,..,..
Solomon Islands,SLB,"Gross enrolment ratio, primary, gender parity index (GPI)",SE.ENR.PRIM.FM.ZS,0.91924,..,0.93808,0.97292,0.97955,0.98919,0.97229,0.98953,0.98814,0.99269,0.99609,..,..
Somalia,SOM,Government expenditure on education as % of GDP (%),SE.XPD.TOTL.GD.ZS,..,..,..,..,..,..,..,..,..,..,..,..,..
Somalia,SOM,"Gross enrolment ratio, primary, gender parity index (GPI)",SE.ENR.PRIM.FM.ZS,..,..,..,..,..,..,..,..,..,..,..,..,..
South Africa,ZAF,Government expenditure on education as % of GDP (%),SE.XPD.TOTL.GD.ZS,5.44358,5.15948,5.06622,..,..,..,..,5.95619,5.94285,6.11306,6.15899,6.50505,..
South Africa,ZAF,"Gross enrolment ratio, primary, gender parity index (GPI)",SE.ENR.PRIM.FM.ZS,0.95895,0.97136,0.97348,0.95955,0.95824,0.95783,0.96124,0.93338,0.96804,0.96667,0.96159,..,..
South Asia,SAS,Government expenditure on education as % of GDP (%),SE.XPD.TOTL.GD.ZS,2.550115108,..,..,2.82980001,2.349954963,2.98257494,3.121760011,2.946019888,2.500319958,..,..,..,..
South Asia,SAS,"Gross enrolment ratio, primary, gender parity index (GPI)",SE.ENR.PRIM.FM.ZS,0.84439,0.85329,0.8666,1.00874,1.01264,1.06814,1.0605,1.06115,1.09157,1.08159,0.98713,0.98683,..
South Asia (IDA & IBRD),TSA,Government expenditure on education as % of GDP (%),SE.XPD.TOTL.GD.ZS,..,..,..,..,..,..,..,..,..,..,..,..,..
South Asia (IDA & IBRD),TSA,"Gross enrolment ratio, primary, gender parity index (GPI)",SE.ENR.PRIM.FM.ZS,0.84439,0.85329,0.8666,1.00874,1.01264,1.06814,1.0605,1.06115,1.09157,1.08159,0.98713,0.98683,..
South Sudan,SSD,Government expenditure on education as % of GDP (%),SE.XPD.TOTL.GD.ZS,..,..,..,0.96289,..,1.0245,1.23246,1.46556,1.5439,..,..,..,..
South Sudan,SSD,"Gross enrolment ratio, primary, gender parity index (GPI)",SE.ENR.PRIM.FM.ZS,..,..,..,0.66209,..,..,..,0.7078,..,..,..,..,..
Spain,ESP,Government expenditure on education as % of GDP (%),SE.XPD.TOTL.GD.ZS,4.16605,4.11127,4.13457,4.89692,4.46934,4.35102,4.30338,4.28657,4.22764,4.20774,..,..,..
Spain,ESP,"Gross enrolment ratio, primary, gender parity index (GPI)",SE.ENR.PRIM.FM.ZS,0.99301,0.9925,0.99121,0.99241,0.99375,1.01124,1.01324,1.01552,1.01657,1.01662,1.01366,..,..
Sri Lanka,LKA,Government expenditure on education as % of GDP (%),SE.XPD.TOTL.GD.ZS,..,..,..,1.80861,1.49617,1.62107,1.93288,2.22875,3.4492,2.79925,2.12421,..,..
Sri Lanka,LKA,"Gross enrolment ratio, primary, gender parity index (GPI)",SE.ENR.PRIM.FM.ZS,..,0.98435,0.98811,0.96063,0.97666,0.97622,0.97728,0.97894,0.97871,0.98571,0.9893,..,..
St. Kitts and Nevis,KNA,Government expenditure on education as % of GDP (%),SE.XPD.TOTL.GD.ZS,4.61109,4.26531,3.79239,..,..,..,..,2.64346,..,..,..,..,..
St. Kitts and Nevis,KNA,"Gross enrolment ratio, primary, gender parity index (GPI)",SE.ENR.PRIM.FM.ZS,1.07302,1.12427,1.07834,0.98126,0.98385,1.00784,0.99587,0.99322,0.97018,..,..,..,..
St. Lucia,LCA,Government expenditure on education as % of GDP (%),SE.XPD.TOTL.GD.ZS,..,5.70733,..,3.58824,3.27299,3.85985,3.88069,3.86773,5.20828,..,3.3318,..,..
St. Lucia,LCA,"Gross enrolment ratio, primary, gender parity index (GPI)",SE.ENR.PRIM.FM.ZS,0.9684,0.95424,0.96897,..,..,..,..,0.96816,0.96786,0.98946,1.0108,1.0181,..
St. Martin (French part),MAF,Government expenditure on education as % of GDP (%),SE.XPD.TOTL.GD.ZS,..,..,..,..,..,..,..,..,..,..,..,..,..
St. Martin (French part),MAF,"Gross enrolment ratio, primary, gender parity index (GPI)",SE.ENR.PRIM.FM.ZS,..,..,..,..,..,..,..,..,..,..,..,..,..
St. Vincent and the Grenadines,VCT,Government expenditure on education as % of GDP (%),SE.XPD.TOTL.GD.ZS,7.91381,..,7.80199,..,..,..,..,..,5.7334,5.73196,5.69378,..,..
St. Vincent and the Grenadines,VCT,"Gross enrolment ratio, primary, gender parity index (GPI)",SE.ENR.PRIM.FM.ZS,0.94576,0.9525,0.95527,0.98462,0.97393,0.9617,0.98415,0.99073,0.98936,0.9847,0.98844,..,..
Sub-Saharan Africa,SSF,Government expenditure on education as % of GDP (%),SE.XPD.TOTL.GD.ZS,3.173475027,3.467669964,3.208319902,3.925139904,4.101180077,4.498549938,..,..,..,..,..,..,..
Sub-Saharan Africa,SSF,"Gross enrolment ratio, primary, gender parity index (GPI)",SE.ENR.PRIM.FM.ZS,0.85113,0.85837,0.85765,0.92299,0.93662,0.94396,0.95015,0.9565,0.95449,0.95403,0.95274,0.95469,..
Sub-Saharan Africa (excluding high income),SSA,Government expenditure on education as % of GDP (%),SE.XPD.TOTL.GD.ZS,3.173475027,3.467669964,3.208319902,3.925139904,4.101180077,4.498549938,..,..,..,..,..,..,..
Sub-Saharan Africa (excluding high income),SSA,"Gross enrolment ratio, primary, gender parity index (GPI)",SE.ENR.PRIM.FM.ZS,0.85092,0.85818,0.85746,0.92292,0.93656,0.9439,0.9501,0.95646,0.95445,0.95399,0.9527,0.95465,..
Sub-Saharan Africa (IDA & IBRD countries),TSS,Government expenditure on education as % of GDP (%),SE.XPD.TOTL.GD.ZS,..,..,..,..,..,..,..,..,..,..,..,..,..
Sub-Saharan Africa (IDA & IBRD countries),TSS,"Gross enrolment ratio, primary, gender parity index (GPI)",SE.ENR.PRIM.FM.ZS,0.85113,0.85837,0.85765,0.92299,0.93662,0.94396,0.95015,0.9565,0.95449,0.95403,0.95274,0.95469,..
Sudan,SDN,Government expenditure on education as % of GDP (%),SE.XPD.TOTL.GD.ZS,1.01218,..,1.42644,..,..,..,..,..,..,..,..,..,..
Sudan,SDN,"Gross enrolment ratio, primary, gender parity index (GPI)",SE.ENR.PRIM.FM.ZS,..,0.84582,0.84411,0.8846,0.88918,0.89694,0.92279,0.91316,0.93247,0.94004,..,..,..
Suriname,SUR,Government expenditure on education as % of GDP (%),SE.XPD.TOTL.GD.ZS,..,..,..,..,..,..,..,..,..,..,..,..,..
Suriname,SUR,"Gross enrolment ratio, primary, gender parity index (GPI)",SE.ENR.PRIM.FM.ZS,..,1.0081,0.99111,1.00104,0.99702,1.01486,1.01702,1.01013,1.0028,1.00379,0.99762,0.99871,..
Sweden,SWE,Government expenditure on education as % of GDP (%),SE.XPD.TOTL.GD.ZS,6.74015,6.61764,6.92435,6.36692,7.53697,7.61121,7.57373,7.4439,7.61862,7.56883,..,..,..
Sweden,SWE,"Gross enrolment ratio, primary, gender parity index (GPI)",SE.ENR.PRIM.FM.ZS,1.02561,1.02548,1.02733,0.99601,0.99845,1.05919,1.05586,1.04178,1.02604,1.01348,1.01764,..,..
Switzerland,CHE,Government expenditure on education as % of GDP (%),SE.XPD.TOTL.GD.ZS,4.7814,4.95981,5.31429,4.96986,5.03337,5.04048,5.05123,5.10057,5.10473,5.13019,..,..,..
Switzerland,CHE,"Gross enrolment ratio, primary, gender parity index (GPI)",SE.ENR.PRIM.FM.ZS,0.9983,1.00123,1.00172,0.99509,0.9976,0.99811,1.00075,0.99718,0.99312,0.99324,0.99394,..,..
Syrian Arab Republic,SYR,Government expenditure on education as % of GDP (%),SE.XPD.TOTL.GD.ZS,..,4.36049,5.04694,..,..,..,..,..,..,..,..,..,..
Syrian Arab Republic,SYR,"Gross enrolment ratio, primary, gender parity index (GPI)",SE.ENR.PRIM.FM.ZS,0.92513,0.93466,0.94017,0.96708,0.96362,0.96555,..,..,..,..,..,..,..
Tajikistan,TJK,Government expenditure on education as % of GDP (%),SE.XPD.TOTL.GD.ZS,2.32871,2.37659,2.77579,3.93511,4.01803,..,..,5.23139,..,..,..,..,..
Tajikistan,TJK,"Gross enrolment ratio, primary, gender parity index (GPI)",SE.ENR.PRIM.FM.ZS,0.92789,0.92784,0.9561,0.97387,0.98188,0.98283,0.99095,0.9892,0.98778,0.98864,..,..,..
Tanzania,TZA,Government expenditure on education as % of GDP (%),SE.XPD.TOTL.GD.ZS,..,..,..,..,..,..,3.38488,..,..,4.43051,3.69644,..,..
Tanzania,TZA,"Gross enrolment ratio, primary, gender parity index (GPI)",SE.ENR.PRIM.FM.ZS,0.99476,0.98717,0.97419,1.03478,1.02372,1.04287,1.05102,1.05459,1.04656,1.03474,1.02606,1.02305,..
Thailand,THA,Government expenditure on education as % of GDP (%),SE.XPD.TOTL.GD.ZS,5.25346,4.81787,3.86492,4.80555,4.53671,4.12402,..,..,..,..,..,..,..
Thailand,THA,"Gross enrolment ratio, primary, gender parity index (GPI)",SE.ENR.PRIM.FM.ZS,0.97116,0.977,0.97581,0.98717,0.98628,0.98768,1.0155,0.94304,1.00436,0.99993,1.00002,0.99913,..
Timor-Leste,TLS,Government expenditure on education as % of GDP (%),SE.XPD.TOTL.GD.ZS,..,..,..,10.0757,7.24187,5.66715,7.51547,8.43326,8.05194,7.06049,6.79295,..,..
Timor-Leste,TLS,"Gross enrolment ratio, primary, gender parity index (GPI)",SE.ENR.PRIM.FM.ZS,..,..,..,0.94361,0.9458,0.95505,0.97546,0.97537,0.97057,0.96472,0.96485,0.97849,..
Togo,TGO,Government expenditure on education as % of GDP (%),SE.XPD.TOTL.GD.ZS,3.9209,3.76704,3.48745,4.3093,4.7192,4.42365,4.78455,5.1086,4.95558,4.98976,5.36957,..,..
Togo,TGO,"Gross enrolment ratio, primary, gender parity index (GPI)",SE.ENR.PRIM.FM.ZS,0.77742,0.79236,0.8127,0.91023,0.92367,0.93575,0.94243,0.95155,0.95166,0.95395,0.96445,0.96636,..
Tokelau,TKL,Government expenditure on education as % of GDP (%),SE.XPD.TOTL.GD.ZS,..,..,..,..,..,..,..,..,..,..,..,..,..
Tokelau,TKL,"Gross enrolment ratio, primary, gender parity index (GPI)",SE.ENR.PRIM.FM.ZS,1.06593,0.98525,0.91916,..,..,..,..,..,0.82908,..,..,..,..
Tonga,TON,Government expenditure on education as % of GDP (%),SE.XPD.TOTL.GD.ZS,4.94077,4.53256,3.79232,..,..,..,..,..,..,..,..,..,..
Tonga,TON,"Gross enrolment ratio, primary, gender parity index (GPI)",SE.ENR.PRIM.FM.ZS,0.94544,0.96111,0.9551,0.98387,0.98994,0.99999,0.99529,0.99429,..,..,..,..,..
Trinidad and Tobago,TTO,Government expenditure on education as % of GDP (%),SE.XPD.TOTL.GD.ZS,2.75565,3.06529,3.54301,..,..,..,..,..,..,..,..,..,..
Trinidad and Tobago,TTO,"Gross enrolment ratio, primary, gender parity index (GPI)",SE.ENR.PRIM.FM.ZS,0.99021,0.98067,0.98976,..,..,..,..,..,..,..,..,..,..
Tunisia,TUN,Government expenditure on education as % of GDP (%),SE.XPD.TOTL.GD.ZS,6.20198,6.20183,5.79003,..,6.25037,..,..,6.59601,..,..,..,..,..
Tunisia,TUN,"Gross enrolment ratio, primary, gender parity index (GPI)",SE.ENR.PRIM.FM.ZS,0.96307,0.97317,0.97785,0.99837,1.00482,0.99849,1.00071,1.00043,1.00265,0.99575,0.99137,..,..
Turkey,TUR,Government expenditure on education as % of GDP (%),SE.XPD.TOTL.GD.ZS,2.52908,2.65434,2.74894,..,..,..,..,..,..,..,..,..,..
Turkey,TUR,"Gross enrolment ratio, primary, gender parity index (GPI)",SE.ENR.PRIM.FM.ZS,0.91089,0.92094,0.92939,0.99054,0.98567,0.99334,0.99543,0.99315,0.99381,0.98987,0.98871,..,..
Turkmenistan,TKM,Government expenditure on education as % of GDP (%),SE.XPD.TOTL.GD.ZS,..,..,..,..,3.04925,..,..,..,..,..,..,..,..
Turkmenistan,TKM,"Gross enrolment ratio, primary, gender parity index (GPI)",SE.ENR.PRIM.FM.ZS,..,..,..,..,..,..,..,..,..,..,..,0.98206,..
Turks and Caicos Islands,TCA,Government expenditure on education as % of GDP (%),SE.XPD.TOTL.GD.ZS,4.71883,4.84301,5.06914,..,..,..,..,3.15745,..,..,2.91435,..,..
Turks and Caicos Islands,TCA,"Gross enrolment ratio, primary, gender parity index (GPI)",SE.ENR.PRIM.FM.ZS,0.94804,1.00674,0.99378,..,..,..,1.01087,0.98356,..,..,0.99734,..,..
Tuvalu,TUV,Government expenditure on education as % of GDP (%),SE.XPD.TOTL.GD.ZS,..,..,..,..,..,..,..,..,..,..,..,..,..
Tuvalu,TUV,"Gross enrolment ratio, primary, gender parity index (GPI)",SE.ENR.PRIM.FM.ZS,0.98162,1.05349,1.07989,..,..,..,0.96024,0.96159,0.93574,..,0.92247,0.91853,..
Uganda,UGA,Government expenditure on education as % of GDP (%),SE.XPD.TOTL.GD.ZS,2.46167,..,..,2.31769,1.81216,1.88643,1.93036,2.34049,2.15536,2.27205,2.13052,..,..
Uganda,UGA,"Gross enrolment ratio, primary, gender parity index (GPI)",SE.ENR.PRIM.FM.ZS,0.92721,0.95266,0.97463,1.01091,1.01248,1.01719,..,1.02101,1.03222,1.02789,..,..,..
Ukraine,UKR,Government expenditure on education as % of GDP (%),SE.XPD.TOTL.GD.ZS,4.16623,4.68506,5.43863,6.16237,6.69233,6.67166,5.87494,..,5.00978,5.41226,..,..,..
Ukraine,UKR,"Gross enrolment ratio, primary, gender parity index (GPI)",SE.ENR.PRIM.FM.ZS,0.99684,1.00082,0.99882,1.01228,1.01615,1.01812,1.02122,..,..,..,..,..,..
United Arab Emirates,ARE,Government expenditure on education as % of GDP (%),SE.XPD.TOTL.GD.ZS,..,..,..,..,..,..,..,..,..,..,..,..,..
United Arab Emirates,ARE,"Gross enrolment ratio, primary, gender parity index (GPI)",SE.ENR.PRIM.FM.ZS,..,..,..,..,1.01858,1.02782,1.01874,1.00174,0.96452,0.98093,..,..,..
United Kingdom,GBR,Government expenditure on education as % of GDP (%),SE.XPD.TOTL.GD.ZS,4.03119,4.11923,4.63887,5.59523,..,5.5298,5.599,5.55616,5.4267,5.44209,..,..,..
United Kingdom,GBR,"Gross enrolment ratio, primary, gender parity index (GPI)",SE.ENR.PRIM.FM.ZS,1.00075,1.00124,1.00141,0.9987,0.99955,0.99763,0.99803,0.99868,0.99828,0.99713,0.99711,..,..
United States,USA,Government expenditure on education as % of GDP (%),SE.XPD.TOTL.GD.ZS,..,..,..,..,..,4.93105,4.96174,..,..,..,..,..,..
United States,USA,"Gross enrolment ratio, primary, gender parity index (GPI)",SE.ENR.PRIM.FM.ZS,0.98454,0.99834,1.00919,1.00404,0.9848,0.99172,0.99664,0.99975,0.99833,0.99234,0.99884,..,..
Upper middle income,UMC,Government expenditure on education as % of GDP (%),SE.XPD.TOTL.GD.ZS,3.989780068,3.95818007,3.839020014,4.492980003,4.422790051,4.587560177,..,..,..,..,..,..,..
Upper middle income,UMC,"Gross enrolment ratio, primary, gender parity index (GPI)",SE.ENR.PRIM.FM.ZS,0.97376,0.97849,0.97982,0.98607,0.98393,0.9894,0.99029,0.98858,0.99311,0.99336,0.99414,0.99361,..
Uruguay,URY,Government expenditure on education as % of GDP (%),SE.XPD.TOTL.GD.ZS,2.42255,2.80096,2.3222,4.35527,..,..,..,..,4.7591,4.8403,5.04759,..,..
Uruguay,URY,"Gross enrolment ratio, primary, gender parity index (GPI)",SE.ENR.PRIM.FM.ZS,0.9833,0.97856,0.97742,0.97039,0.97184,0.97447,0.97781,0.97838,0.97883,0.98391,0.99043,..,..
Uzbekistan,UZB,Government expenditure on education as % of GDP (%),SE.XPD.TOTL.GD.ZS,..,..,..,..,..,6.09001,6.02527,5.78638,5.66773,5.28134,..,..,..
Uzbekistan,UZB,"Gross enrolment ratio, primary, gender parity index (GPI)",SE.ENR.PRIM.FM.ZS,1.00406,1.00378,0.99912,0.97978,0.9813,0.98275,0.98431,0.98564,0.98604,0.98534,0.98505,0.9877,..
Vanuatu,VUT,Government expenditure on education as % of GDP (%),SE.XPD.TOTL.GD.ZS,7.00363,8.95115,8.13175,..,..,..,4.91083,5.39081,..,4.53353,..,..,..
Vanuatu,VUT,"Gross enrolment ratio, primary, gender parity index (GPI)",SE.ENR.PRIM.FM.ZS,0.97391,0.98545,0.99185,..,..,0.96751,..,0.9737,..,..,..,..,..
"Venezuela, RB",VEN,Government expenditure on education as % of GDP (%),SE.XPD.TOTL.GD.ZS,..,..,..,..,..,..,..,..,..,..,..,..,..
"Venezuela, RB",VEN,"Gross enrolment ratio, primary, gender parity index (GPI)",SE.ENR.PRIM.FM.ZS,0.98344,0.98273,0.98131,0.97535,0.98064,0.98689,0.98252,0.97773,0.97699,0.97708,..,..,..
Vietnam,VNM,Government expenditure on education as % of GDP (%),SE.XPD.TOTL.GD.ZS,..,..,..,4.81372,5.53329,5.652,..,..,4.34481,..,4.16745,..,..
Vietnam,VNM,"Gross enrolment ratio, primary, gender parity index (GPI)",SE.ENR.PRIM.FM.ZS,0.95867,0.95586,0.95058,0.96033,1.01138,0.98398,0.99837,1.00418,1.01511,1.01762,1.02183,1.02139,..
Virgin Islands (U.S.),VIR,Government expenditure on education as % of GDP (%),SE.XPD.TOTL.GD.ZS,..,..,..,..,..,..,..,..,..,..,..,..,..
Virgin Islands (U.S.),VIR,"Gross enrolment ratio, primary, gender parity index (GPI)",SE.ENR.PRIM.FM.ZS,..,..,..,..,..,..,..,..,..,..,..,..,..
West Bank and Gaza,PSE,Government expenditure on education as % of GDP (%),SE.XPD.TOTL.GD.ZS,..,..,..,5.7027,5.13268,5.3025,..,5.14136,5.71773,5.25234,..,..,..
West Bank and Gaza,PSE,"Gross enrolment ratio, primary, gender parity index (GPI)",SE.ENR.PRIM.FM.ZS,0.99922,1.0049,1.00405,0.98853,0.98242,1.00465,0.99323,0.99987,1.00168,0.99789,1.00261,0.99934,..
World,WLD,Government expenditure on education as % of GDP (%),SE.XPD.TOTL.GD.ZS,3.948920012,4.091929913,4.017320156,4.492980003,4.614655018,4.735710144,4.900424957,..,..,..,..,..,..
World,WLD,"Gross enrolment ratio, primary, gender parity index (GPI)",SE.ENR.PRIM.FM.ZS,0.92349,0.92854,0.93056,0.97698,0.98059,0.99779,0.9978,0.99949,1.00767,1.00427,0.98104,0.98138,..
"Yemen, Rep.",YEM,Government expenditure on education as % of GDP (%),SE.XPD.TOTL.GD.ZS,9.64552,9.23766,..,..,..,..,..,..,..,..,..,..,..
"Yemen, Rep.",YEM,"Gross enrolment ratio, primary, gender parity index (GPI)",SE.ENR.PRIM.FM.ZS,..,0.62421,0.65664,0.81435,0.82601,0.83883,..,..,0.87172,..,..,..,..
Zambia,ZMB,Government expenditure on education as % of GDP (%),SE.XPD.TOTL.GD.ZS,1.78819,..,..,..,..,..,..,4.62432,3.74792,3.72965,4.61809,..,..
Zambia,ZMB,"Gross enrolment ratio, primary, gender parity index (GPI)",SE.ENR.PRIM.FM.ZS,0.9224,0.92512,0.92078,0.98924,1.00451,1.00346,1.0035,1.00302,1.02007,1.0242,..,..,..
Zimbabwe,ZWE,Government expenditure on education as % of GDP (%),SE.XPD.TOTL.GD.ZS,..,..,..,..,6.07021,5.99598,6.13835,..,..,5.81878,5.87135,..,..
Zimbabwe,ZWE,"Gross enrolment ratio, primary, gender parity index (GPI)",SE.ENR.PRIM.FM.ZS,0.9734,0.97314,0.97717,..,0.98006,0.97872,..,..,..,..,..,..,..
,,,,,,,,,,,,,,,,
,,,,,,,,,,,,,,,,
,,,,,,,,,,,,,,,,
Data from database: Education Statistics - All Indicators,,,,,,,,,,,,,,,,
Last Updated: 12/20/2020,,,,,,,,,,,,,,,,
